"Parent ID","Parent SKU","Product ID","Product SKU","Product Name","Slug","Permalink","Description","Excerpt","Product Published","Product Modified","Type","Visibility","Featured","Virtual","Downloadable","Price","Sale Price","Sale Price Dates From","Sale Price Dates To","Weight","Weight Unit","Height","Height Unit","Width","Width Unit","Length","Length Unit","Category","Tag","Featured Image","Product Gallery","Tax Status","Tax Class","File Download","Download Limit","Download Expiry","Manage Stock","Quantity","Stock Status","Allow Backorders","Sold Individually","Up-Sells","Cross-Sells","Product URL","Button Text","Purchase Note","Product Status","Comment Status"
,,"942",,"Calice con Foglie","calice-con-foglie-2","http://localhost:8888/sidi/shop/senza-categoria/calice-con-foglie-2/",,,"12/19/2013","12/19/2013","Raggruppato","Hidden","No","No","No",,,,,,"kg","56","cm","44","cm","49","cm","Uncategorized",,,,,,,,,"No",,"In Stock","No","No",,,,,,"Publish","Open"
,,"931","1802070","Vaso Conico Festonato &#8211; Mod. CF-75","vaso-conico-festonato-mod-cf-75","http://localhost:8888/sidi/shop/terra/vaso-conico-festonato-mod-cf-75/",,,"12/11/2013","12/11/2013","Semplice","Catalog & Search","No","No","No",,,,,,"kg","60","cm","43","cm","75","cm","Collezione Terra",,,,,,,,,"Yes","14","In Stock","No","No",,,,,,"Publish","Open"
,,"721",,"Collezione Terra","collezione-terra","http://localhost:8888/sidi/shop/senza-categoria/collezione-terra/",,,"11/18/2013","11/18/2013","Semplice","Hidden","No","No","No",,,,,,"kg",,"cm",,"cm",,"cm","Uncategorized",,,,,,,,,"No",,"In Stock","No","No",,,,,,"Publish","Open"
,,"584",,"Accessori di serie Woody","accessori-di-serie-woody-copy","http://localhost:8888/sidi/shop/senza-categoria/accessori-di-serie-woody-copy/",,,"11/17/2013","11/17/2013","Raggruppato","Catalog & Search","No","No","No",,,,,,"kg","47","cm",,"cm","64","cm","Uncategorized",,,,,,,,,"No",,"In Stock","No","No",,,,,,"Publish","Open"
,,"476","M120080","Accessori di serie Woody","accessori-di-serie-woody-2","http://localhost:8888/sidi/shop/pet/accessori-di-serie-woody-2/","Porticina in PVC per mod. Woody maxi",,"11/13/2013","11/17/2013","Semplice","Catalog & Search","Yes","No","No",,,,,,"kg","47","cm",,"cm","64","cm","Collezione Pet",,,,,,,,,"No",,"In Stock","No","No",,,,,,"Publish","Open"
,,"473","M120070","Accessori di serie Woody","accessori-di-serie-woody","http://localhost:8888/sidi/shop/pet/accessori-di-serie-woody/","Porticina in PVC per mod. Woody midi",,"11/13/2013","11/17/2013","Semplice","Catalog & Search","Yes","No","No",,,,,,"kg","35","cm",,"cm","47.5","cm","Collezione Pet",,,,,,,,,"No",,"In Stock","No","No",,,,,,"Publish","Open"
,,"472","B226000 05000","Woody Maxi","woody-maxi","http://localhost:8888/sidi/shop/pet/woody-maxi/",,,"11/13/2013","12/06/2013","Semplice","Catalog & Search","Yes","No","No",,,,,,"kg","103.5","cm","129","cm","87.5","cm","Collezione Pet",,,,,,,,,"No",0,"In Stock","No","No",,,,,,"Publish","Open"
,,"471","B224000 05000","Woody Midi","woody-midi","http://localhost:8888/sidi/shop/pet/woody-midi/",,,"11/13/2013","12/06/2013","Semplice","Catalog & Search","Yes","No","No",,,,,,"kg","80","cm","95","cm","65","cm","Collezione Pet",,,,,,,,,"No",0,"In Stock","No","No",,,,,,"Publish","Open"
,,"470",,"Woody","woody","http://localhost:8888/sidi/shop/senza-categoria/woody/",,"[recent_products per_page=""12"" columns=""4"" orderby=""date"" order=""desc""][product id="""" sku=""""]","11/13/2013","12/11/2013","Raggruppato","Catalog & Search","No","No","No",,,,,,"kg",,"cm","62.5","cm","48","cm","Uncategorized",,,,,,,,,"No",,"In Stock","No","No",,,,,,"Publish","Open"
,,"469","M120005","Accessori Vimini Grande","accessori-vimini-grande","http://localhost:8888/sidi/shop/pet/accessori-vimini-grande/","Porticina PVC - 3 viti con dadi ciechi",,"11/13/2013","12/06/2013","Semplice","Catalog & Search","No","No","No",,,,,,"kg",,"cm","62.5","cm","48","cm","Collezione Pet",,,,,,,,,"No",0,"In Stock","No","No",,,,,,"Publish","Open"
,,"468","M120000","Accessori Vimini Media","accessori-vimini-media","http://localhost:8888/sidi/shop/pet/accessori-vimini-media/","Porticina PVC - 3 viti con dadi ciechi",,"11/13/2013","12/06/2013","Semplice","Catalog & Search","No","No","No",,,,,,"kg","48.5","cm",,"cm","31.3","cm","Collezione Pet",,,,,,,,,"No",0,"In Stock","No","No",,,,,,"Publish","Open"
,,"467","B202500 02000","Vimini Media","vimini-media-2","http://localhost:8888/sidi/shop/pet/vimini-media-2/","Cuccia per cani",,"11/13/2013","12/06/2013","Semplice","Catalog & Search","No","No","No",,,,,,"kg","74","cm","87","cm","97","cm","Collezione Pet",,,,,,,,,"No",0,"In Stock","No","No",,,,,,"Publish","Open"
,,"466","B203000 02000","Vimini Grande","vimini-grande-2","http://localhost:8888/sidi/shop/pet/vimini-grande-2/","Cuccia per cani",,"11/13/2013","12/06/2013","Semplice","Catalog & Search","No","No","No",,,,,,"kg","100","cm","122","cm","100","cm","Collezione Pet",,,,,,,,,"No",0,"In Stock","No","No",,,,,,"Publish","Open"
,,"464","B203000 01000","Vimini Grande","vimini-grande","http://localhost:8888/sidi/shop/pet/vimini-grande/","Cuccia per cani",,"11/13/2013","12/06/2013","Semplice","Catalog & Search","No","No","No",,,,,,"kg","100","cm","122","cm","100","cm","Collezione Pet",,,,,,,,,"No",0,"In Stock","No","No",,,,,,"Publish","Open"
,,"463","B202500 01000","Vimini Media","vimini-media","http://localhost:8888/sidi/shop/pet/vimini-media/","Cuccia per cani",,"11/13/2013","12/06/2013","Semplice","Catalog & Search","No","No","No",,,,,,"kg","74","cm","87","cm","97","cm","Collezione Pet",,,,,,,,,"No",0,"In Stock","No","No",,,,,,"Publish","Open"
,,"462","B202000 02000","Vimini Piccola","vimini-piccola-2","http://localhost:8888/sidi/shop/pet/vimini-piccola-2/","Cuccia per cani",,"11/13/2013","12/06/2013","Semplice","Catalog & Search","No","No","No",,,,,,"kg","47","cm","56","cm","69","cm","Collezione Pet",,,,,,,,,"No",0,"In Stock","No","No",,,,,,"Publish","Open"
,,"461","B202000 01000","Vimini Piccola","vimini-piccola","http://localhost:8888/sidi/shop/pet/vimini-piccola/",,,"11/13/2013","12/06/2013","Semplice","Catalog & Search","No","No","No",,,,,,"kg","47","cm","56","cm","69","cm","Collezione Pet",,,,,,,,,"No",0,"In Stock","No","No",,,,,,"Publish","Open"
,,"460","1922700","Collezione Pet","collezione-pet","http://localhost:8888/sidi/shop/senza-categoria/collezione-pet/","Comfort e Funzionalità

Forme e strutture, materiali e colori pensati per il massimo comfort dei nostri grandi amici. Abbiamo la fortuna di poter trascorrere la nostra esistenza con esseri speciali, che chiedono di condividere con noi ogni istante. Ed è per questo che pensare al loro comfort, alla funzionalità degli oggetti necessari al loro benessere, è una cosa seria.",,"11/12/2013","11/17/2013","Raggruppato","Catalog & Search","No","No","No",,,,,,"kg","4","cm",,"cm",,"cm","Uncategorized",,,,,,,,,"No",,"In Stock","No","No",,,,,,"Publish","Open"
,,"459","1934700","Sottovasi Angolari &#8211; Mod. S/ADF-50","modello-sadf-50","http://localhost:8888/sidi/shop/terra/modello-sadf-50/",,,"11/12/2013","01/08/2014","Semplice","Catalog & Search","No","No","No",,,,,,"kg","4","cm",,"cm",,"cm","Collezione Terra",,,,,,,,,"No",0,"In Stock","No","No",,,,,,"Publish","Open"
,,"458","1934150","Sottovasi Angolari &#8211; Mod. S/AMC-55","modello-samc-55","http://localhost:8888/sidi/shop/terra/modello-samc-55/",,,"11/12/2013","01/08/2014","Semplice","Catalog & Search","No","No","No",,,,,,"kg","4","cm",,"cm",,"cm","Collezione Terra",,,,,,,,,"No",0,"In Stock","No","No",,,,,,"Publish","Open"
,,"457","1944700","Sottovasi a Parete &#8211; Mod. S/SDF-60","modello-ssdf-60","http://localhost:8888/sidi/shop/terra/modello-ssdf-60/",,,"11/12/2013","01/08/2014","Semplice","Catalog & Search","No","No","No",,,,,,"kg","4","cm",,"cm",,"cm","Collezione Terra",,,,,,,,,"No",0,"In Stock","No","No",,,,,,"Publish","Open"
,,"456","1943100","Sottovasi a Parete &#8211; Mod. S/SMC-57","modello-ssmc-57","http://localhost:8888/sidi/shop/terra/modello-ssmc-57/",,,"11/12/2013","01/08/2014","Semplice","Catalog & Search","No","No","No",,,,,,"kg","4","cm",,"cm",,"cm","Collezione Terra",,,,,,,,,"No",0,"In Stock","No","No",,,,,,"Publish","Open"
,,"455","1907400","Sottovasi Circolari &#8211; Mod. STVC-74","modello-stvc-74","http://localhost:8888/sidi/shop/terra/modello-stvc-74/",,,"11/12/2013","01/08/2014","Semplice","Catalog & Search","No","No","No",,,,,,"kg","5","cm",,"cm",,"cm","Collezione Terra",,,,,,,,,"No",0,"In Stock","No","No",,,,,,"Publish","Open"
,,"454","1906400","Sottovasi Circolari &#8211; Mod. STVC-64","modello-stvc-64","http://localhost:8888/sidi/shop/terra/modello-stvc-64/",,,"11/12/2013","01/08/2014","Semplice","Catalog & Search","No","No","No",,,,,,"kg","5","cm",,"cm",,"cm","Collezione Terra",,,,,,,,,"No",0,"In Stock","No","No",,,,,,"Publish","Open"
,,"453","1905800","Sottovasi Circolari &#8211; Mod. STVC-58","modello-stvc-58","http://localhost:8888/sidi/shop/terra/modello-stvc-58/",,,"11/12/2013","01/08/2014","Semplice","Catalog & Search","No","No","No",,,,,,"kg","5.5","cm",,"cm",,"cm","Collezione Terra",,,,,,,,,"No",0,"In Stock","No","No",,,,,,"Publish","Open"
,,"452","1905000","Sottovasi Circolari &#8211; Mod. STVC-50","modello-stvc-50","http://localhost:8888/sidi/shop/terra/modello-stvc-50/",,,"11/12/2013","01/08/2014","Semplice","Catalog & Search","No","No","No",,,,,,"kg","4","cm",,"cm",,"cm","Collezione Terra",,,,,,,,,"No",0,"In Stock","No","No",,,,,,"Publish","Open"
,,"451","1904800","Sottovasi Circolari &#8211; Mod. STVC-48","modello-stvc-48","http://localhost:8888/sidi/shop/terra/modello-stvc-48/",,,"11/12/2013","01/08/2014","Semplice","Catalog & Search","No","No","No",,,,,,"kg","4","cm",,"cm",,"cm","Collezione Terra",,,,,,,,,"No",0,"In Stock","No","No",,,,,,"Publish","Open"
,,"450","1903800","Sottovasi Circolari &#8211; Mod. STVC-38","modello-stvc-38","http://localhost:8888/sidi/shop/terra/modello-stvc-38/",,,"11/12/2013","01/08/2014","Semplice","Catalog & Search","No","No","No",,,,,,"kg","4","cm",,"cm",,"cm","Collezione Terra",,,,,,,,,"No",0,"In Stock","No","No",,,,,,"Publish","Open"
,,"449","1903100","Sottovasi Circolari &#8211; Mod. STVC-31","modello-stvc-31","http://localhost:8888/sidi/shop/terra/modello-stvc-31/",,,"11/12/2013","01/08/2014","Semplice","Catalog & Search","No","No","No",,,,,,"kg","4","cm",,"cm",,"cm","Collezione Terra",,,,,,,,,"No",0,"In Stock","No","No",,,,,,"Publish","Open"
,,"448","1902800","Sottovasi Circolari &#8211; Mod. STVC-28","modello-stvc-28","http://localhost:8888/sidi/shop/terra/modello-stvc-28/",,,"11/12/2013","01/08/2014","Semplice","Catalog & Search","No","No","No",,,,,,"kg","4","cm",,"cm",,"cm","Collezione Terra",,,,,,,,,"No",0,"In Stock","No","No",,,,,,"Publish","Open"
,,"447","1902380","Sottovasi Circolari &#8211; Mod. STVC-23","modello-stvc-23","http://localhost:8888/sidi/shop/terra/modello-stvc-23/",,,"11/12/2013","01/08/2014","Semplice","Catalog & Search","No","No","No",,,,,,"kg","4","cm",,"cm",,"cm","Collezione Terra",,,,,,,,,"No",0,"In Stock","No","No",,,,,,"Publish","Open"
,,"446","1902050","Sottovasi Circolari &#8211; Mod. STVC-20","modello-stvc-20","http://localhost:8888/sidi/shop/terra/modello-stvc-20/",,,"11/12/2013","01/08/2014","Semplice","Catalog & Search","No","No","No",,,,,,"kg","2","cm",,"cm",,"cm","Collezione Terra",,,,,,,,,"No",0,"In Stock","No","No",,,,,,"Publish","Open"
,,"445","1901700","Sottovasi Circolari &#8211; Mod. STVC-18","modello-stvc-18","http://localhost:8888/sidi/shop/terra/modello-stvc-18/",,,"11/12/2013","01/08/2014","Semplice","Catalog & Search","No","No","No",,,,,,"kg","2","cm",,"cm",,"cm","Collezione Terra",,,,,,,,,"No",0,"In Stock","No","No",,,,,,"Publish","Open"
,,"444","1916200","Sottovasi Quadri &#8211; Mod. S/QG-70","modello-sqg-70","http://localhost:8888/sidi/shop/terra/modello-sqg-70/",,,"11/12/2013","01/08/2014","Semplice","Catalog & Search","No","No","No",,,,,,"kg","5","cm",,"cm",,"cm","Collezione Terra",,,,,,,,,"No",0,"In Stock","No","No",,,,,,"Publish","Open"
,,"443","1915400","Sottovasi Quadri &#8211; Mod. S/QR-60","modello-sqr-60","http://localhost:8888/sidi/shop/terra/modello-sqr-60/",,,"11/12/2013","01/08/2014","Semplice","Catalog & Search","No","No","No",,,,,,"kg","5","cm",,"cm",,"cm","Collezione Terra",,,,,,,,,"No",0,"In Stock","No","No",,,,,,"Publish","Open"
,,"442","1914700","Sottovasi Quadri &#8211; Mod. S/PR-70","modello-spr-70","http://localhost:8888/sidi/shop/terra/modello-spr-70/",,,"11/12/2013","01/08/2014","Semplice","Catalog & Search","No","No","No",,,,,,"kg","4","cm",,"cm",,"cm","Collezione Terra",,,,,,,,,"No",0,"In Stock","No","No",,,,,,"Publish","Open"
,,"441","1914200","Sottovasi Quadri &#8211; Mod. S/QMC-45","modello-sqmc-45","http://localhost:8888/sidi/shop/terra/modello-sqmc-45/",,,"11/12/2013","01/08/2014","Semplice","Catalog & Search","No","No","No",,,,,,"kg","4","cm",,"cm",,"cm","Collezione Terra",,,,,,,,,"No",0,"In Stock","No","No",,,,,,"Publish","Open"
,,"440","1913900","Sottovasi Quadri &#8211; Mod. S/PM-65","modello-spm-65","http://localhost:8888/sidi/shop/terra/modello-spm-65/",,,"11/12/2013","01/08/2014","Semplice","Catalog & Search","No","No","No",,,,,,"kg","4","cm",,"cm",,"cm","Collezione Terra",,,,,,,,,"No",0,"In Stock","No","No",,,,,,"Publish","Open"
,,"439","1922700","Sottovasi Rettangolari &#8211; Mod. S/BMR-100","modello-sbmr-100","http://localhost:8888/sidi/shop/terra/modello-sbmr-100/",,,"11/11/2013","01/08/2014","Semplice","Catalog & Search","No","No","No",,,,,,"kg","4","cm",,"cm",,"cm","Collezione Terra",,,,,,,,,"No",0,"In Stock","No","No",,,,,,"Publish","Open"
,,"438","1922650","Sottovasi Rettangolari &#8211; Mod. S/BMR-90","modello-sbmr-90","http://localhost:8888/sidi/shop/terra/modello-sbmr-90/",,,"11/11/2013","01/08/2014","Semplice","Catalog & Search","No","No","No",,,,,,"kg","4","cm",,"cm",,"cm","Collezione Terra",,,,,,,,,"No",0,"In Stock","No","No",,,,,,"Publish","Open"
,,"437","1922600","Sottovasi Rettangolari &#8211; Mod. S/BMR-80","modello-sbmr-80","http://localhost:8888/sidi/shop/terra/modello-sbmr-80/",,,"11/11/2013","01/08/2014","Semplice","Catalog & Search","No","No","No",,,,,,"kg","4","cm",,"cm",,"cm","Collezione Terra",,,,,,,,,"No",0,"In Stock","No","No",,,,,,"Publish","Open"
,,"436","1924300","Sottovasi Rettangolari &#8211; Mod. S/DFR-120","modello-sdfr-120","http://localhost:8888/sidi/shop/terra/modello-sdfr-120/",,,"11/11/2013","01/08/2014","Semplice","Catalog & Search","No","No","No",,,,,,"kg","4","cm",,"cm",,"cm","Collezione Terra",,,,,,,,,"No",0,"In Stock","No","No",,,,,,"Publish","Open"
,,"435","1924200","Sottovasi Rettangolari &#8211; Mod. S/MRC-100","modello-smrc-100","http://localhost:8888/sidi/shop/terra/modello-smrc-100/",,,"11/11/2013","01/08/2014","Semplice","Catalog & Search","No","No","No",,,,,,"kg","4","cm",,"cm",,"cm","Collezione Terra",,,,,,,,,"No",0,"In Stock","No","No",,,,,,"Publish","Open"
,,"434","1923900","Sottovasi Rettangolari &#8211; Mod. S/MMR-70","modello-smmr-70","http://localhost:8888/sidi/shop/terra/modello-smmr-70/",,,"11/11/2013","01/08/2014","Semplice","Catalog & Search","No","No","No",,,,,,"kg","5","cm",,"cm",,"cm","Collezione Terra",,,,,,,,,"No",0,"In Stock","No","No",,,,,,"Publish","Open"
,,"433","1923800","Sottovasi Rettangolari &#8211; Mod. S/MRC-90","modello-smrc-90","http://localhost:8888/sidi/shop/terra/modello-smrc-90/",,,"11/11/2013","01/08/2014","Semplice","Catalog & Search","No","No","No",,,,,,"kg","4","cm",,"cm",,"cm","Collezione Terra",,,,,,,,,"No",0,"In Stock","No","No",,,,,,"Publish","Open"
,,"432","1923350","Sottovasi Rettangolari &#8211; Mod. S/MRC-80","modello-smrc-80","http://localhost:8888/sidi/shop/terra/modello-smrc-80/",,,"11/11/2013","01/08/2014","Semplice","Catalog & Search","No","No","No",,,,,,"kg","4","cm",,"cm",,"cm","Collezione Terra",,,,,,,,,"No",0,"In Stock","No","No",,,,,,"Publish","Open"
,,"431","1923000","Sottovasi Rettangolari &#8211; Mod. S/MRC-75","modello-smrc-75","http://localhost:8888/sidi/shop/terra/modello-smrc-75/",,,"11/11/2013","01/08/2014","Semplice","Catalog & Search","No","No","No",,,,,,"kg","4","cm",,"cm",,"cm","Collezione Terra",,,,,,,,,"No",0,"In Stock","No","No",,,,,,"Publish","Open"
,,"430","1922501","Sottovasi Rettangolari &#8211; Mod. S/CR-70","modello-scr-70","http://localhost:8888/sidi/shop/terra/modello-scr-70/",,,"11/11/2013","01/08/2014","Semplice","Catalog & Search","No","No","No",,,,,,"kg","4","cm",,"cm",,"cm","Collezione Terra",,,,,,,,,"No",0,"In Stock","No","No",,,,,,"Publish","Open"
,,"429","1922350","Sottovasi Rettangolari &#8211; Mod. S/CR-60","modello-scr-60","http://localhost:8888/sidi/shop/terra/modello-scr-60/",,,"11/11/2013","01/08/2014","Semplice","Catalog & Search","No","No","No",,,,,,"kg","4","cm",,"cm",,"cm","Collezione Terra",,,,,,,,,"No",0,"In Stock","No","No",,,,,,"Publish","Open"
,,"427","1921850","Sottovasi Rettangolari &#8211; Mod. S/CR-50","modello-scr-50","http://localhost:8888/sidi/shop/terra/modello-scr-50/",,,"11/11/2013","01/08/2014","Semplice","Catalog & Search","No","No","No",,,,,,"kg","3","cm",,"cm",,"cm","Collezione Terra",,,,,,,,,"No",0,"In Stock","No","No",,,,,,"Publish","Open"
,,"426","1921650","Sottovasi Rettangolari &#8211; Mod. S/CR-40","modello-scr-40","http://localhost:8888/sidi/shop/terra/modello-scr-40/",,,"11/11/2013","01/08/2014","Semplice","Catalog & Search","No","No","No",,,,,,"kg","3","cm",,"cm",,"cm","Collezione Terra",,,,,,,,,"No",0,"In Stock","No","No",,,,,,"Publish","Open"
,,"425","1805550","Sottovasi angolari","sottovasi-angolari","http://localhost:8888/sidi/shop/senza-categoria/sottovasi-angolari/",,,"11/11/2013","11/18/2013","Raggruppato","Hidden","No","No","No",,,,,,"kg","56","cm","44","cm","49","cm","Uncategorized",,,,,,,,,"No",,"In Stock","No","No",,,,,,"Publish","Open"
,,"424","1805550","Sottovasi a parete","sottovasi-a-parete","http://localhost:8888/sidi/shop/senza-categoria/sottovasi-a-parete/",,,"11/11/2013","11/18/2013","Raggruppato","Hidden","No","No","No",,,,,,"kg","56","cm","44","cm","49","cm","Uncategorized",,,,,,,,,"No",,"In Stock","No","No",,,,,,"Publish","Open"
,,"423","1805550","Sottovasi circolari","sottovasi-circolari","http://localhost:8888/sidi/shop/senza-categoria/sottovasi-circolari/",,,"11/11/2013","11/18/2013","Raggruppato","Hidden","No","No","No",,,,,,"kg","56","cm","44","cm","49","cm","Uncategorized",,,,,,,,,"No",,"In Stock","No","No",,,,,,"Publish","Open"
,,"422","1805550","Sottovasi quadri","sottovasi-quadri","http://localhost:8888/sidi/shop/senza-categoria/sottovasi-quadri/",,,"11/11/2013","11/18/2013","Raggruppato","Hidden","No","No","No",,,,,,"kg","56","cm","44","cm","49","cm","Uncategorized",,,,,,,,,"No",,"In Stock","No","No",,,,,,"Publish","Open"
,,"421","1805550","Sottovasi rettangolari","sottovasi-rettangolari","http://localhost:8888/sidi/shop/senza-categoria/sottovasi-rettangolari/",,,"11/11/2013","11/18/2013","Raggruppato","Hidden","No","No","No",,,,,,"kg","56","cm","44","cm","49","cm","Uncategorized",,,,,,,,,"No",,"In Stock","No","No",,,,,,"Publish","Open"
,,"420","1856050 00060","Quadro Granito Millerighe &#8211; Mod. QMG-50","modello-qmg-50","http://localhost:8888/sidi/shop/terra/modello-qmg-50/",,,"11/11/2013","01/08/2014","Semplice","Catalog & Search","No","No","No",,,,,,"kg","49","cm","41","cm","50","cm","Collezione Terra",,,,,,,,,"Yes","36","In Stock","No","No",,,,,,"Publish","Open"
,,"419","1856045 00060","Quadro Granito Millerighe &#8211; Mod. QMG-45","modello-qmg-45","http://localhost:8888/sidi/shop/terra/modello-qmg-45/",,,"11/11/2013","01/08/2014","Semplice","Catalog & Search","No","No","No",,,,,,"kg","45","cm","36","cm","44","cm","Collezione Terra",,,,,,,,,"Yes","42","In Stock","No","No",,,,,,"Publish","Open"
,,"418","1856040 00060","Quadro Granito Millerighe &#8211; Mod. QMG-40","modello-qmg-40","http://localhost:8888/sidi/shop/terra/modello-qmg-40/",,,"11/11/2013","01/08/2014","Semplice","Catalog & Search","No","No","No",,,,,,"kg","40","cm","31","cm","38","cm","Collezione Terra",,,,,,,,,"Yes","42","In Stock","No","No",,,,,,"Publish","Open"
,,"417","1855595 00060","Fioriera Maxi Granito Millerighe &#8211; Mod. MMG-100","modello-mmg-100","http://localhost:8888/sidi/shop/terra/modello-mmg-100/",,,"11/11/2013","01/08/2014","Semplice","Catalog & Search","No","No","No",,,,,,"kg","51","cm","92","cm","99","cm","Collezione Terra",,,,,,,,,"Yes","15","In Stock","No","No",,,,,,"Publish","Open"
,,"416","1855580 00060","Fioriera Maxi Granito Millerighe &#8211; Mod. MMG-80","modello-mmg-80","http://localhost:8888/sidi/shop/terra/modello-mmg-80/",,,"11/11/2013","01/08/2014","Semplice","Catalog & Search","No","No","No",,,,,,"kg","41","cm","72","cm","79","cm","Collezione Terra",,,,,,,,,"Yes","18","In Stock","No","No",,,,,,"Publish","Open"
,,"415","1855575 00060","Fioriera Maxi Granito Millerighe &#8211; Mod. MMG-75","modello-mmg-75","http://localhost:8888/sidi/shop/terra/modello-mmg-75/",,,"11/11/2013","01/08/2014","Semplice","Catalog & Search","No","No","No",,,,,,"kg","35","cm","72","cm","78","cm","Collezione Terra",,,,,,,,,"Yes","32","In Stock","No","No",,,,,,"Publish","Open"
,,"414","1855095 00060","Fioriera Granito Millerighe &#8211; Mod. MRG-95","modello-mrg-95","http://localhost:8888/sidi/shop/terra/modello-mrg-95/",,,"11/11/2013","01/08/2014","Semplice","Catalog & Search","No","No","No",,,,,,"kg","37","cm","90","cm","98","cm","Collezione Terra",,,,,,,,,"Yes","32","In Stock","No","No",,,,,,"Publish","Open"
,,"413","1855075 00060","Fioriera Granito Millerighe &#8211; Mod. MRG-75","modello-mrg-75","http://localhost:8888/sidi/shop/terra/modello-mrg-75/",,,"11/11/2013","01/08/2014","Semplice","Catalog & Search","No","No","No",,,,,,"kg","31","cm","72","cm","77","cm","Collezione Terra",,,,,,,,,"Yes","40","In Stock","No","No",,,,,,"Publish","Open"
,,"411","1855065 00060","Fioriera Granito Millerighe &#8211; Mod. MRG-65","modello-mrg-65","http://localhost:8888/sidi/shop/terra/modello-mrg-65/",,,"11/11/2013","01/08/2014","Semplice","Catalog & Search","No","No","No",,,,,,"kg","27","cm","65","cm","68","cm","Collezione Terra",,,,,,,,,"Yes","55","In Stock","No","No",,,,,,"Publish","Open"
,,"410","1805550","Quadro granito millerighe","quadro-granito-millerighe","http://localhost:8888/sidi/shop/senza-categoria/quadro-granito-millerighe/",,,"11/11/2013","11/18/2013","Raggruppato","Hidden","No","No","No",,,,,,"kg","56","cm","44","cm","49","cm","Uncategorized",,,,,,,,,"No",,"In Stock","No","No",,,,,,"Publish","Open"
,,"409","1805550","Fioriera maxi granito millerighe","fioriera-maxi-granito-millerighe","http://localhost:8888/sidi/shop/senza-categoria/fioriera-maxi-granito-millerighe/",,,"11/11/2013","11/18/2013","Raggruppato","Hidden","No","No","No",,,,,,"kg","56","cm","44","cm","49","cm","Uncategorized",,,,,,,,,"No",,"In Stock","No","No",,,,,,"Publish","Open"
,,"408","1805550","Fioriera granito millerighe","fioriera-granito-millerighe","http://localhost:8888/sidi/shop/senza-categoria/fioriera-granito-millerighe/",,,"11/11/2013","11/18/2013","Raggruppato","Hidden","No","No","No",,,,,,"kg","56","cm","44","cm","49","cm","Uncategorized",,,,,,,,,"No",,"In Stock","No","No",,,,,,"Publish","Open"
,,"406","1805550","Vaso Angolare Doppio Festone &#8211; Mod. ADF-50","modello-adf-50","http://localhost:8888/sidi/shop/terra/modello-adf-50/",,,"11/11/2013","01/08/2014","Semplice","Catalog & Search","No","No","No",,,,,,"kg","56","cm","44","cm","49","cm","Collezione Terra",,,,,,,,,"Yes","18","In Stock","No","No",,,,,,"Publish","Open"
,,"405","1809560","Semicerchio Doppio Festone &#8211; Mod. SDF-60","modello-sdf-60","http://localhost:8888/sidi/shop/terra/modello-sdf-60/",,,"11/11/2013","01/08/2014","Semplice","Catalog & Search","No","No","No",,,,,,"kg","58","cm","44","cm","55","cm","Collezione Terra",,,,,,,,,"Yes","18","In Stock","No","No",,,,,,"Publish","Open"
,,"404","1892091","Balconetta Festonata &#8211; Mod. BFE-100","modello-bfe-100","http://localhost:8888/sidi/shop/terra/modello-bfe-100/",,,"11/11/2013","01/08/2014","Semplice","Catalog & Search","No","No","No",,,,,,"kg","24.5","cm","97","cm","100","cm","Collezione Terra",,,,,,,,,"Yes","45","In Stock","No","No",,,,,,"Publish","Open"
,,"403","1892090","Balconetta Festonata &#8211; Mod. BFE-90","modello-bfe-90","http://localhost:8888/sidi/shop/terra/modello-bfe-90/",,,"11/11/2013","01/08/2014","Semplice","Catalog & Search","No","No","No",,,,,,"kg","24.5","cm","87","cm","90","cm","Collezione Terra",,,,,,,,,"Yes","45","In Stock","No","No",,,,,,"Publish","Open"
,,"402","1892080","Balconetta Festonata &#8211; Mod. BFE-80","modello-bfe-80","http://localhost:8888/sidi/shop/terra/modello-bfe-80/",,,"11/11/2013","01/08/2014","Semplice","Catalog & Search","No","No","No",,,,,,"kg","24.5","cm","77","cm","80","cm","Collezione Terra",,,,,,,,,"Yes","45","In Stock","No","No",,,,,,"Publish","Open"
,,"401","1891091","Vaso angolare doppio festone","vaso-angolare-doppio-festone","http://localhost:8888/sidi/shop/senza-categoria/vaso-angolare-doppio-festone/",,,"11/11/2013","11/18/2013","Raggruppato","Hidden","No","No","No",,,,,,"kg","24","cm","95","cm","98","cm","Uncategorized",,,,,,,,,"No",,"In Stock","No","No",,,,,,"Publish","Open"
,,"400","1891091","Semicerchio doppio festone","semicerchio-doppio-festone","http://localhost:8888/sidi/shop/senza-categoria/semicerchio-doppio-festone/",,,"11/11/2013","11/18/2013","Raggruppato","Hidden","No","No","No",,,,,,"kg","24","cm","95","cm","98","cm","Uncategorized",,,,,,,,,"No",,"In Stock","No","No",,,,,,"Publish","Open"
,,"399","1891091","Balconetta festonata","balconetta-festonata","http://localhost:8888/sidi/shop/senza-categoria/balconetta-festonata/",,,"11/11/2013","11/18/2013","Raggruppato","Hidden","No","No","No",,,,,,"kg","24","cm","95","cm","98","cm","Uncategorized",,,,,,,,,"No",,"In Stock","No","No",,,,,,"Publish","Open"
,,"398","1805050","Vaso Angolare Liscio &#8211; Mod. AA-33","modello-aa-33","http://localhost:8888/sidi/shop/terra/modello-aa-33/",,,"11/11/2013","01/08/2014","Semplice","Catalog & Search","No","No","No",,,,,,"kg","51","cm","28","cm","33","cm","Collezione Terra",,,,,,,,,"Yes","30","In Stock","No","No",,,,,,"Publish","Open"
,,"397","1807055","Angolare Millerighe &#8211; Mod. AMC-55","modello-amc-55","http://localhost:8888/sidi/shop/terra/modello-amc-55/",,,"11/11/2013","01/08/2014","Semplice","Catalog & Search","No","No","No",,,,,,"kg","52","cm","40","cm","44","cm","Collezione Terra",,,,,,,,,"Yes","24","In Stock","No","No",,,,,,"Publish","Open"
,,"396","1809057","Semicerchio Millerighe &#8211; Mod. SMC-57","modello-smc-57","http://localhost:8888/sidi/shop/terra/modello-smc-57/",,,"11/11/2013","01/08/2014","Semplice","Catalog & Search","No","No","No",,,,,,"kg","55","cm","50","cm","54","cm","Collezione Terra",,,,,,,,,"Yes","24","In Stock","No","No",,,,,,"Publish","Open"
,,"395","1804550","Vaso a Parete Baccellato &#8211; Mod. BCP-50","modello-bcp-50","http://localhost:8888/sidi/shop/terra/modello-bcp-50/",,,"11/11/2013","01/08/2014","Semplice","Catalog & Search","No","No","No",,,,,,"kg","42","cm","30","cm","49","cm","Collezione Terra",,,,,,,,,"Yes","30","In Stock","No","No",,,,,,"Publish","Open"
,,"394","1891091","Vaso Angolare Liscio","vaso-angolare-liscio","http://localhost:8888/sidi/shop/senza-categoria/vaso-angolare-liscio/",,,"11/11/2013","01/08/2014","Raggruppato","Hidden","No","No","No",,,,,,"kg","24","cm","95","cm","98","cm","Uncategorized",,,,,,,,,"No",,"In Stock","No","No",,,,,,"Publish","Open"
,,"393","1891091","Angolare Millerighe","angolare-millerighe","http://localhost:8888/sidi/shop/senza-categoria/angolare-millerighe/",,,"11/11/2013","01/08/2014","Raggruppato","Hidden","No","No","No",,,,,,"kg","24","cm","95","cm","98","cm","Uncategorized",,,,,,,,,"No",,"In Stock","No","No",,,,,,"Publish","Open"
,,"392","1891091","Semicerchio Millerighe","semicerchio-millerighe","http://localhost:8888/sidi/shop/senza-categoria/semicerchio-millerighe/",,,"11/11/2013","01/08/2014","Raggruppato","Hidden","No","No","No",,,,,,"kg","24","cm","95","cm","98","cm","Uncategorized",,,,,,,,,"No",,"In Stock","No","No",,,,,,"Publish","Open"
,,"391","1891091","Vaso a Parete Baccellato","vaso-a-parete-baccellato","http://localhost:8888/sidi/shop/senza-categoria/vaso-a-parete-baccellato/",,,"11/11/2013","01/08/2014","Raggruppato","Hidden","No","No","No",,,,,,"kg","24","cm","95","cm","98","cm","Uncategorized",,,,,,,,,"No",,"In Stock","No","No",,,,,,"Publish","Open"
,,"390","1891091","Vaso a Muro Liscio","vaso-a-muro-liscio","http://localhost:8888/sidi/shop/senza-categoria/vaso-a-muro-liscio/",,,"11/11/2013","01/08/2014","Raggruppato","Hidden","No","No","No",,,,,,"kg","24","cm","95","cm","98","cm","Uncategorized",,,,,,,,,"No",,"In Stock","No","No",,,,,,"Publish","Open"
,,"389","1806050","Vaso a Muro Liscio &#8211; Mod. AM-50","modello-am-50","http://localhost:8888/sidi/shop/terra/modello-am-50/",,,"11/11/2013","01/08/2014","Semplice","Catalog & Search","No","No","No",,,,,,"kg","51","cm","42","cm","49","cm","Collezione Terra",,,,,,,,,"Yes","30","In Stock","No","No",,,,,,"Publish","Open"
,,"388","1891091","Balconetta Millerighe &#8211; Mod. BMR-100","modello-bmr-100","http://localhost:8888/sidi/shop/terra/modello-bmr-100/",,,"11/11/2013","12/20/2013","Semplice","Catalog & Search","No","No","No",,,,,,"kg","24","cm","95","cm","98","cm","Collezione Terra",,,,,,,,,"Yes","45","In Stock","No","No",,,,,,"Publish","Open"
,,"387","1891090","Balconetta Millerighe &#8211; Mod. BMR-90","modello-bmr-90","http://localhost:8888/sidi/shop/terra/modello-bmr-90/",,,"11/11/2013","12/20/2013","Semplice","Catalog & Search","No","No","No",,,,,,"kg","24","cm","86","cm","87","cm","Collezione Terra",,,,,,,,,"Yes","45","In Stock","No","No",,,,,,"Publish","Open"
,,"386","1891080","Balconetta Millerighe &#8211; Mod. BMR-80","modello-bmr-80","http://localhost:8888/sidi/shop/terra/modello-bmr-80/",,,"11/11/2013","12/20/2013","Semplice","Catalog & Search","No","No","No",,,,,,"kg","24","cm","75","cm","78","cm","Collezione Terra",,,,,,,,,"Yes","45","In Stock","No","No",,,,,,"Publish","Open"
,,"385","1871065","Pilone Millerighe &#8211; Mod. PM-65","modello-pm-65","http://localhost:8888/sidi/shop/terra/modello-pm-65/",,,"11/11/2013","12/20/2013","Semplice","Catalog & Search","No","No","No",,,,,,"kg","61","cm","35","cm","41","cm","Collezione Terra",,,,,,,,,"Yes","21","In Stock","No","No",,,,,,"Publish","Open"
,,"384","1871570","Pilone con Rosone &#8211; Mod. PR-70","modello-pr-70","http://localhost:8888/sidi/shop/terra/modello-pr-70/",,,"11/11/2013","12/20/2013","Semplice","Catalog & Search","No","No","No",,,,,,"kg","70","cm","44","cm","50","cm","Collezione Terra",,,,,,,,,"Yes","12","In Stock","No","No",,,,,,"Publish","Open"
,,"383","1850070","Millerighe Maxi &#8211; Mod. MMR-70","modello-mmr-70","http://localhost:8888/sidi/shop/terra/modello-mmr-70/",,,"11/11/2013","12/20/2013","Semplice","Catalog & Search","No","No","No",,,,,,"kg","49.5","cm","71.5","cm","74","cm","Collezione Terra",,,,,,,,,"Yes","12","In Stock","No","No",,,,,,"Publish","Open"
,,"382","1851120","Cassetta Millerighe &#8211; Mod. MR-120","modello-mr-120","http://localhost:8888/sidi/shop/terra/modello-mr-120/",,,"11/11/2013","12/20/2013","Semplice","Catalog & Search","No","No","No",,,,,,"kg","38","cm","115","cm","121","cm","Collezione Terra",,,,,,,,,"Yes","12","In Stock","No","No",,,,,,"Publish","Open"
,,"381","1851090","Cassetta Millerighe &#8211; Mod. MR-95","modello-mr-95","http://localhost:8888/sidi/shop/terra/modello-mr-95/",,,"11/11/2013","12/20/2013","Semplice","Catalog & Search","No","No","No",,,,,,"kg","38","cm","91","cm","95","cm","Collezione Terra",,,,,,,,,"Yes","18","In Stock","No","No",,,,,,"Publish","Open"
,,"380","1851080","Cassetta Millerighe &#8211; Mod. MR-80","modello-mr-80","http://localhost:8888/sidi/shop/terra/modello-mr-80/",,,"11/11/2013","12/20/2013","Semplice","Catalog & Search","No","No","No",,,,,,"kg","34","cm","76","cm","82","cm","Collezione Terra",,,,,,,,,"Yes","21","In Stock","No","No",,,,,,"Publish","Open"
,,"379","1851070","Cassetta Millerighe &#8211; Mod. MR-70","modello-mr-70","http://localhost:8888/sidi/shop/terra/modello-mr-70/",,,"11/11/2013","12/20/2013","Semplice","Catalog & Search","No","No","No",,,,,,"kg","29","cm","66","cm","70","cm","Collezione Terra",,,,,,,,,"Yes","32","In Stock","No","No",,,,,,"Publish","Open"
,,"378","1854110","Cassetta Millerighe Classica &#8211; Mod. MRC-110","modello-mrc-110","http://localhost:8888/sidi/shop/terra/modello-mrc-110/",,,"11/11/2013","12/20/2013","Semplice","Catalog & Search","No","No","No",,,,,,"kg","39","cm","102","cm","111.5","cm","Collezione Terra",,,,,,,,,"Yes","12","In Stock","No","No",,,,,,"Publish","Open"
,,"377","1854100","Cassetta Millerighe Classica &#8211; Mod. MRC-100","modello-mrc-100","http://localhost:8888/sidi/shop/terra/modello-mrc-100/",,,"11/11/2013","12/20/2013","Semplice","Catalog & Search","No","No","No",,,,,,"kg","39","cm","92","cm","98","cm","Collezione Terra",,,,,,,,,"Yes","18","In Stock","No","No",,,,,,"Publish","Open"
,,"376","1854090","Cassetta Millerighe Classica &#8211; Mod. MRC-90","modello-mrc-90","http://localhost:8888/sidi/shop/terra/modello-mrc-90/",,,"11/11/2013","12/20/2013","Semplice","Catalog & Search","No","No","No",,,,,,"kg","36","cm","83","cm","89","cm","Collezione Terra",,,,,,,,,"Yes","18","In Stock","No","No",,,,,,"Publish","Open"
,,"375","1854080","Cassetta Millerighe Classica &#8211; Mod. MRC-80","modello-mrc-80","http://localhost:8888/sidi/shop/terra/modello-mrc-80/",,,"11/11/2013","12/20/2013","Semplice","Catalog & Search","No","No","No",,,,,,"kg","31","cm","72","cm","81","cm","Collezione Terra",,,,,,,,,"Yes","21","In Stock","No","No",,,,,,"Publish","Open"
,,"374","1854075","Cassetta Millerighe Classica &#8211; Mod. MRC-75","modello-mrc-75","http://localhost:8888/sidi/shop/terra/modello-mrc-75/",,,"11/11/2013","12/20/2013","Semplice","Catalog & Search","No","No","No",,,,,,"kg","28","cm","65","cm","72","cm","Collezione Terra",,,,,,,,,"Yes","32","In Stock","No","No",,,,,,"Publish","Open"
,,"373","1854060","Cassetta Millerighe Classica &#8211; Mod. MRC-60","modello-mrc-60","http://localhost:8888/sidi/shop/terra/modello-mrc-60/",,,"11/11/2013","12/20/2013","Semplice","Catalog & Search","No","No","No",,,,,,"kg","23","cm","54","cm","60","cm","Collezione Terra",,,,,,,,,"Yes","60","In Stock","No","No",,,,,,"Publish","Open"
,,"372","1853895","Cassetta Liscia Rettangolare &#8211; Mod. CLR-100","modello-clr-100","http://localhost:8888/sidi/shop/terra/modello-clr-100/",,,"11/11/2013","12/20/2013","Semplice","Catalog & Search","No","No","No",,,,,,"kg","42","cm","89","cm","96","cm","Collezione Terra",,,,,,,,,"Yes","15","In Stock","No","No",,,,,,"Publish","Open"
,,"371","1853890","Cassetta Liscia Rettangolare &#8211; Mod. CLR-90","modello-clr-90","http://localhost:8888/sidi/shop/terra/modello-clr-90/",,,"11/11/2013","12/20/2013","Semplice","Catalog & Search","No","No","No",,,,,,"kg","37.7","cm","82.5","cm","89","cm","Collezione Terra",,,,,,,,,"Yes","18","In Stock","No","No",,,,,,"Publish","Open"
,,"370","1853880","Cassetta Liscia Rettangolare &#8211; Mod. CLR-80","modello-clr-80","http://localhost:8888/sidi/shop/terra/modello-clr-80/",,,"11/11/2013","12/20/2013","Semplice","Catalog & Search","No","No","No",,,,,,"kg","33.5","cm","74.5","cm","80","cm","Collezione Terra",,,,,,,,,"Yes","21","In Stock","No","No",,,,,,"Publish","Open"
,,"369","1853860","Cassetta Liscia Rettangolare &#8211; Mod. CLR-60","modello-clr-60","http://localhost:8888/sidi/shop/terra/modello-clr-60/",,,"11/11/2013","12/20/2013","Semplice","Catalog & Search","No","No","No",,,,,,"kg","25","cm","53","cm","60","cm","Collezione Terra",,,,,,,,,"Yes","36","In Stock","No","No",,,,,,"Publish","Open"
,,"368","1853580","Cassetta Liscia &#8211; Mod. CRL-80","modello-crl-80","http://localhost:8888/sidi/shop/terra/modello-crl-80/",,,"11/11/2013","12/20/2013","Semplice","Catalog & Search","No","No","No",,,,,,"kg","36.5","cm","68.5","cm","76.5","cm","Collezione Terra",,,,,,,,,"Yes","21","In Stock","No","No",,,,,,"Publish","Open"
,,"367","1803040","Quadro Toscano &#8211; Mod. QT-45","modello-qt-45","http://localhost:8888/sidi/shop/terra/modello-qt-45/",,,"11/11/2013","12/20/2013","Semplice","Catalog & Search","No","No","No",,,,,,"kg","39","cm","25","cm","43","cm","Collezione Terra",,,,,,,,,"Yes","150","In Stock","No","No",,,,,,"Publish","Open"
,,"366","1803035","Quadro Toscano &#8211; Mod. QT-35","modello-qt-35","http://localhost:8888/sidi/shop/terra/modello-qt-35/",,,"11/11/2013","12/20/2013","Semplice","Catalog & Search","No","No","No",,,,,,"kg","33","cm","21","cm","36","cm","Collezione Terra",,,,,,,,,"Yes","168","In Stock","No","No",,,,,,"Publish","Open"
,,"365","1803030","Quadro Toscano &#8211; Mod. QT-30","modello-qt-30","http://localhost:8888/sidi/shop/terra/modello-qt-30/",,,"11/11/2013","12/20/2013","Semplice","Catalog & Search","No","No","No",,,,,,"kg","27","cm","19","cm","31","cm","Collezione Terra",,,,,,,,,"Yes","232","In Stock","No","No",,,,,,"Publish","Open"
,,"364","1803025","Quadro Toscano &#8211; Mod. QT-25","modello-qt-25","http://localhost:8888/sidi/shop/terra/modello-qt-25/",,,"11/11/2013","12/20/2013","Semplice","Catalog & Search","No","No","No",,,,,,"kg","23","cm","16","cm","26","cm","Collezione Terra",,,,,,,,,"Yes","420","In Stock","No","No",,,,,,"Publish","Open"
,,"363","1804037","Quadro Millerighe &#8211; Mod. QM-42","modello-qm-42","http://localhost:8888/sidi/shop/terra/modello-qm-42/",,,"11/11/2013","12/20/2013","Semplice","Catalog & Search","No","No","No",,,,,,"kg","39","cm","41","cm","42","cm","Collezione Terra",,,,,,,,,"Yes","36","In Stock","No","No",,,,,,"Publish","Open"
,,"362","1804032","Quadro Millerighe &#8211; Mod. QM-35","modello-qm-35","http://localhost:8888/sidi/shop/terra/modello-qm-35/",,,"11/11/2013","12/20/2013","Semplice","Catalog & Search","No","No","No",,,,,,"kg","34","cm","35","cm","36","cm","Collezione Terra",,,,,,,,,"Yes","36","In Stock","No","No",,,,,,"Publish","Open"
,,"361",,"Balconetta millerighe","balconetta-millerighe","http://localhost:8888/sidi/shop/senza-categoria/balconetta-millerighe/",,,"11/11/2013","11/18/2013","Raggruppato","Hidden","No","No","No",,,,,,"kg",,"cm",,"cm",,"cm","Uncategorized",,,,,,,,,"No",,"In Stock","No","No",,,,,,"Publish","Open"
,,"360",,"Pilone millerighe","pilone-millerighe","http://localhost:8888/sidi/shop/senza-categoria/pilone-millerighe/",,,"11/11/2013","11/18/2013","Raggruppato","Hidden","No","No","No",,,,,,"kg",,"cm",,"cm",,"cm","Uncategorized",,,,,,,,,"No",,"In Stock","No","No",,,,,,"Publish","Open"
,,"359",,"Pilone con rosone","pilone-con-rosone","http://localhost:8888/sidi/shop/senza-categoria/pilone-con-rosone/",,,"11/11/2013","11/18/2013","Raggruppato","Hidden","No","No","No",,,,,,"kg",,"cm",,"cm",,"cm","Uncategorized",,,,,,,,,"No",,"In Stock","No","No",,,,,,"Publish","Open"
,,"358",,"Millerighe maxi","millerighe-maxi","http://localhost:8888/sidi/shop/senza-categoria/millerighe-maxi/",,,"11/11/2013","11/18/2013","Raggruppato","Hidden","No","No","No",,,,,,"kg",,"cm",,"cm",,"cm","Uncategorized",,,,,,,,,"No",,"In Stock","No","No",,,,,,"Publish","Open"
,,"357",,"Cassetta millerighe","cassetta-millerighe","http://localhost:8888/sidi/shop/senza-categoria/cassetta-millerighe/",,,"11/11/2013","11/18/2013","Raggruppato","Hidden","No","No","No",,,,,,"kg",,"cm",,"cm",,"cm","Uncategorized",,,,,,,,,"No",,"In Stock","No","No",,,,,,"Publish","Open"
,,"356",,"Cassetta millerighe classica","cassetta-millerighe-classica","http://localhost:8888/sidi/shop/senza-categoria/cassetta-millerighe-classica/",,,"11/11/2013","11/18/2013","Raggruppato","Hidden","No","No","No",,,,,,"kg",,"cm",,"cm",,"cm","Uncategorized",,,,,,,,,"No",,"In Stock","No","No",,,,,,"Publish","Open"
,,"355",,"Cassetta liscia rettangolare","cassetta-liscia-rettangolare","http://localhost:8888/sidi/shop/senza-categoria/cassetta-liscia-rettangolare/",,,"11/11/2013","11/18/2013","Raggruppato","Hidden","No","No","No",,,,,,"kg",,"cm",,"cm",,"cm","Uncategorized",,,,,,,,,"No",,"In Stock","No","No",,,,,,"Publish","Open"
,,"354",,"Cassetta liscia","cassetta-liscia","http://localhost:8888/sidi/shop/senza-categoria/cassetta-liscia/",,,"11/11/2013","11/18/2013","Raggruppato","Hidden","No","No","No",,,,,,"kg",,"cm",,"cm",,"cm","Uncategorized",,,,,,,,,"No",,"In Stock","No","No",,,,,,"Publish","Open"
,,"353",,"Quadro toscano","quadro-millerighe","http://localhost:8888/sidi/shop/senza-categoria/quadro-millerighe/",,,"11/11/2013","11/18/2013","Raggruppato","Hidden","No","No","No",,,,,,"kg",,"cm",,"cm",,"cm","Uncategorized",,,,,,,,,"No",,"In Stock","No","No",,,,,,"Publish","Open"
,,"352",,"Quadro millerighe","quadro-millerighe-2","http://localhost:8888/sidi/shop/senza-categoria/quadro-millerighe-2/",,,"11/11/2013","11/18/2013","Raggruppato","Hidden","No","No","No",,,,,,"kg",,"cm",,"cm",,"cm","Uncategorized",,,,,,,,,"No",,"In Stock","No","No",,,,,,"Publish","Open"
,,"351","1851570","Cassetta con foglie &#8211; Mod. CR-70","modello-cr-70","http://localhost:8888/sidi/shop/terra/modello-cr-70/",,,"11/11/2013","11/18/2013","Semplice","Catalog & Search","No","No","No",,,,,,"kg","28","cm","62","cm","70","cm","Collezione Terra",,,,,,,,,"Yes","48","In Stock","No","No",,,,,,"Publish","Open"
,,"350","1851560","Cassetta con foglie &#8211; Mod. CR-60","modello-cr-60","http://localhost:8888/sidi/shop/terra/modello-cr-60/",,,"11/11/2013","11/18/2013","Semplice","Catalog & Search","No","No","No",,,,,,"kg","25","cm","51","cm","60","cm","Collezione Terra",,,,,,,,,"Yes","56","In Stock","No","No",,,,,,"Publish","Open"
,,"349","1851550","Cassetta con foglie &#8211; Mod. CR-50","modello-cr-50","http://localhost:8888/sidi/shop/terra/modello-cr-50/",,,"11/11/2013","11/18/2013","Semplice","Catalog & Search","No","No","No",,,,,,"kg","19","cm","46","cm","52","cm","Collezione Terra",,,,,,,,,"Yes","144","In Stock","No","No",,,,,,"Publish","Open"
,,"348","1851540","Cassetta con foglie &#8211; Mod. CR-40","modello-cr-40","http://localhost:8888/sidi/shop/terra/modello-cr-40/",,,"11/11/2013","11/18/2013","Semplice","Catalog & Search","No","No","No",,,,,,"kg","16","cm","35","cm","40","cm","Collezione Terra",,,,,,,,,"Yes","210","In Stock","No","No",,,,,,"Publish","Open"
,,"347","1852100","Cassetta festonata &#8211; Mod. FR-100","modello-fr-100","http://localhost:8888/sidi/shop/terra/modello-fr-100/",,,"11/11/2013","11/18/2013","Semplice","Catalog & Search","No","No","No",,,,,,"kg","40","cm","94","cm","100","cm","Collezione Terra",,,,,,,,,"Yes","18","In Stock","No","No",,,,,,"Publish","Open"
,,"346","1852090","Cassetta festonata &#8211; Mod. FR-85","modello-fr-85","http://localhost:8888/sidi/shop/terra/modello-fr-85/",,,"11/11/2013","11/18/2013","Semplice","Catalog & Search","No","No","No",,,,,,"kg","36","cm","80","cm","86","cm","Collezione Terra",,,,,,,,,"Yes","18","In Stock","No","No",,,,,,"Publish","Open"
,,"345","1852080","Cassetta festonata &#8211; Mod. FR-80","modello-fr-80","http://localhost:8888/sidi/shop/terra/modello-fr-80/",,,"11/11/2013","11/18/2013","Semplice","Catalog & Search","No","No","No",,,,,,"kg","33","cm","72","cm","78","cm","Collezione Terra",,,,,,,,,"Yes","21","In Stock","No","No",,,,,,"Publish","Open"
,,"344","1852060","Cassetta festonata &#8211; Mod. FR-60","modello-fr-60","http://localhost:8888/sidi/shop/terra/modello-fr-60/",,,"11/11/2013","11/18/2013","Semplice","Catalog & Search","No","No","No",,,,,,"kg","26","cm","53","cm","58","cm","Collezione Terra",,,,,,,,,"Yes","56","In Stock","No","No",,,,,,"Publish","Open"
,,"343","1852596","Cassetta doppio festone &#8211; Mod. DFR-120","modello-dfr-120","http://localhost:8888/sidi/shop/terra/modello-dfr-120/",,,"11/11/2013","11/18/2013","Semplice","Catalog & Search","No","No","No",,,,,,"kg","39","cm","114","cm","115","cm","Collezione Terra",,,,,,,,,"Yes","10","In Stock","No","No",,,,,,"Publish","Open"
,,"342","1852595","Cassetta doppio festone &#8211; Mod. DFR-95","modello-dfr-95","http://localhost:8888/sidi/shop/terra/modello-dfr-95/",,,"11/11/2013","11/18/2013","Semplice","Catalog & Search","No","No","No",,,,,,"kg","38","cm","88","cm","90","cm","Collezione Terra",,,,,,,,,"Yes","18","In Stock","No","No",,,,,,"Publish","Open"
,,"341",,"Cassetta con foglie","cassetta-con-foglie","http://localhost:8888/sidi/shop/senza-categoria/cassetta-con-foglie/",,,"11/11/2013","11/18/2013","Raggruppato","Hidden","No","No","No",,,,,,"kg",,"cm",,"cm",,"cm","Uncategorized",,,,,,,,,"No",,"In Stock","No","No",,,,,,"Publish","Open"
,,"340",,"Cassetta festonata","cassetta-festonata","http://localhost:8888/sidi/shop/senza-categoria/cassetta-festonata/",,,"11/11/2013","11/18/2013","Raggruppato","Hidden","No","No","No",,,,,,"kg",,"cm",,"cm",,"cm","Uncategorized",,,,,,,,,"No",,"In Stock","No","No",,,,,,"Publish","Open"
,,"339",,"Cassetta doppio festone","cassetta-doppio-festone","http://localhost:8888/sidi/shop/senza-categoria/cassetta-doppio-festone/",,,"11/11/2013","11/18/2013","Raggruppato","Hidden","No","No","No",,,,,,"kg",,"cm",,"cm",,"cm","Uncategorized",,,,,,,,,"No",,"In Stock","No","No",,,,,,"Publish","Open"
,,"338","1872070","Quadro con Ghirlanda &#8211; Mod. QG-70","modello-qg-70","http://localhost:8888/sidi/shop/terra/modello-qg-70/",,,"11/11/2013","12/19/2013","Semplice","Catalog & Search","No","No","No",,,,,,"kg","58","cm","58","cm","67","cm","Collezione Terra",,,,,,,,,"Yes","8","In Stock","No","No",,,,,,"Publish","Open"
,,"336",,"Quadro con ghirlanda","quadro-con-ghirlanda","http://localhost:8888/sidi/shop/senza-categoria/quadro-con-ghirlanda/",,,"11/11/2013","11/18/2013","Raggruppato","Hidden","No","No","No",,,,,,"kg",,"cm",,"cm",,"cm","Uncategorized",,,,,,,,,"No",,"In Stock","No","No",,,,,,"Publish","Open"
,,"335","1808050","Quadro Millerighe Classico &#8211; Mod. QMC-50","modello-qmc-50","http://localhost:8888/sidi/shop/terra/modello-qmc-50/",,,"11/11/2013","12/19/2013","Semplice","Catalog & Search","No","No","No",,,,,,"kg","45","cm","42","cm","50","cm","Collezione Terra",,,,,,,,,"Yes","30","In Stock","No","No",,,,,,"Publish","Open"
,,"334","1808045","Quadro Millerighe Classico &#8211; Mod. QMC-45","modello-qmc-45","http://localhost:8888/sidi/shop/terra/modello-qmc-45/",,,"11/11/2013","12/19/2013","Semplice","Catalog & Search","No","No","No",,,,,,"kg","38","cm","37","cm","45","cm","Collezione Terra",,,,,,,,,"Yes","36","In Stock","No","No",,,,,,"Publish","Open"
,,"333","1808040","Quadro Millerighe Classico &#8211; Mod. QMC-40","modello-qmc-40","http://localhost:8888/sidi/shop/terra/modello-qmc-40/",,,"11/11/2013","12/19/2013","Semplice","Catalog & Search","No","No","No",,,,,,"kg","34","cm","33","cm","40","cm","Collezione Terra",,,,,,,,,"Yes","36","In Stock","No","No",,,,,,"Publish","Open"
,,"332","1803540","Vaso con Riquadri &#8211; Mod. QUR-45","modello-qur-45","http://localhost:8888/sidi/shop/terra/modello-qur-45/",,,"11/11/2013","12/19/2013","Semplice","Catalog & Search","No","No","No",,,,,,"kg","34.5","cm","29","cm","44","cm","Collezione Terra",,,,,,,,,"Yes","144","In Stock","No","No",,,,,,"Publish","Open"
,,"331","1853245","Quadro Liscio &#8211; Mod. QRL-45","modello-qrl-45","http://localhost:8888/sidi/shop/terra/modello-qrl-45/",,,"11/11/2013","12/19/2013","Semplice","Catalog & Search","No","No","No",,,,,,"kg","40.5","cm","39","cm","45","cm","Collezione Terra",,,,,,,,,"Yes","30","In Stock","No","No",,,,,,"Publish","Open"
,,"330","1853240","Quadro Liscio &#8211; Mod. QRL-40","modello-qrl-40","http://localhost:8888/sidi/shop/terra/modello-qrl-40/",,,"11/11/2013","12/19/2013","Semplice","Catalog & Search","No","No","No",,,,,,"kg","33.5","cm","33","cm","39","cm","Collezione Terra",,,,,,,,,"Yes","36","In Stock","No","No",,,,,,"Publish","Open"
,,"329","1853060","Quadro con Rosetta &#8211; Mod. QR-60","modello-qr-60","http://localhost:8888/sidi/shop/terra/modello-qr-60/",,,"11/11/2013","12/19/2013","Semplice","Catalog & Search","No","No","No",,,,,,"kg","48","cm","49.5","cm","56","cm","Collezione Terra",,,,,,,,,"Yes","10","In Stock","No","No",,,,,,"Publish","Open"
,,"328","1853045","Quadro con Rosetta &#8211; Mod. QR-45","modello-qr-45","http://localhost:8888/sidi/shop/terra/modello-qr-45/",,,"11/11/2013","12/19/2013","Semplice","Catalog & Search","No","No","No",,,,,,"kg","40","cm","39.5","cm","45.5","cm","Collezione Terra",,,,,,,,,"Yes","36","In Stock","No","No",,,,,,"Publish","Open"
,,"327","1853042","Quadro con Rosetta &#8211; Mod. QR-40","modello-qr-40","http://localhost:8888/sidi/shop/terra/modello-qr-40/",,,"11/11/2013","12/19/2013","Semplice","Catalog & Search","No","No","No",,,,,,"kg","37","cm","33","cm","40","cm","Collezione Terra",,,,,,,,,"Yes","36","In Stock","No","No",,,,,,"Publish","Open"
,,"326",,"Quadro liscio","quadro-liscio-2","http://localhost:8888/sidi/shop/senza-categoria/quadro-liscio-2/",,,"11/11/2013","11/18/2013","Raggruppato","Hidden","No","No","No",,,,,,"kg",,"cm",,"cm",,"cm","Uncategorized",,,,,,,,,"No",,"In Stock","No","No",,,,,,"Publish","Open"
,,"325",,"Quadro millerighe classico","quadro-millerighe-classico","http://localhost:8888/sidi/shop/senza-categoria/quadro-millerighe-classico/",,,"11/11/2013","11/18/2013","Raggruppato","Hidden","No","No","No",,,,,,"kg",,"cm",,"cm",,"cm","Uncategorized",,,,,,,,,"No",,"In Stock","No","No",,,,,,"Publish","Open"
,,"324",,"Vaso con riquadri","quadro-liscio","http://localhost:8888/sidi/shop/senza-categoria/quadro-liscio/",,,"11/11/2013","11/18/2013","Raggruppato","Hidden","No","No","No",,,,,,"kg",,"cm",,"cm",,"cm","Uncategorized",,,,,,,,,"No",,"In Stock","No","No",,,,,,"Publish","Open"
,,"323",,"Quadro con rosetta","quadro-con-rosetta","http://localhost:8888/sidi/shop/senza-categoria/quadro-con-rosetta/",,,"11/11/2013","12/19/2013","Raggruppato","Hidden","No","No","No",,,,,,"kg",,"cm",,"cm",,"cm","Uncategorized",,,,,,,,,"No",,"In Stock","No","No",,,,,,"Publish","Open"
,,"321","1862030","Gerla Acanto &#8211; Mod. GRA-30","modello-gra-30","http://localhost:8888/sidi/shop/terra/modello-gra-30/",,,"11/11/2013","12/19/2013","Semplice","Catalog & Search","No","No","No",,,,,,"kg","21","cm","17","cm","29","cm","Collezione Terra",,,,,,,,,"Yes","112","In Stock","No","No",,,,,,"Publish","Open"
,,"320","1861025","Gerla a Botte &#8211; Mod. GRL-25","modello-grl-25","http://localhost:8888/sidi/shop/terra/modello-grl-25/",,,"11/11/2013","12/19/2013","Semplice","Catalog & Search","No","No","No",,,,,,"kg","25","cm","31","cm","39","cm","Collezione Terra",,,,,,,,,"Yes","88","In Stock","No","No",,,,,,"Publish","Open"
,,"319","1863035","Gerla a Conchiglia &#8211; Mod. GRC-35","modello-grc-35","http://localhost:8888/sidi/shop/terra/modello-grc-35/",,,"11/11/2013","12/19/2013","Semplice","Catalog & Search","No","No","No",,,,,,"kg","18","cm","18","cm","37","cm","Collezione Terra",,,,,,,,,"Yes","110","In Stock","No","No",,,,,,"Publish","Open"
,,"318","1863025","Gerla a Conchiglia &#8211; Mod. GRC-25","modello-grc-25","http://localhost:8888/sidi/shop/terra/modello-grc-25/",,,"11/11/2013","12/19/2013","Semplice","Catalog & Search","No","No","No",,,,,,"kg","13","cm","13","cm","26","cm","Collezione Terra",,,,,,,,,"Yes","170","In Stock","No","No",,,,,,"Publish","Open"
,,"317","1861028","Gerla Classica &#8211; Mod. GRL-28","modello-grl-28","http://localhost:8888/sidi/shop/terra/modello-grl-28/",,,"11/11/2013","12/19/2013","Semplice","Catalog & Search","No","No","No",,,,,,"kg","27","cm","21","cm","48","cm","Collezione Terra",,,,,,,,,"Yes","96","In Stock","No","No",,,,,,"Publish","Open"
,,"316","1861065","Gerla Classica &#8211; Mod. GRL-65","modello-grl-65","http://localhost:8888/sidi/shop/terra/modello-grl-65/",,,"11/11/2013","12/19/2013","Semplice","Catalog & Search","No","No","No",,,,,,"kg","33","cm","29","cm","60","cm","Collezione Terra",,,,,,,,,"Yes","48","In Stock","No","No",,,,,,"Publish","Open"
,,"315",,"Gerla acanto","gerla-acanto","http://localhost:8888/sidi/shop/senza-categoria/gerla-acanto/",,,"11/11/2013","11/18/2013","Raggruppato","Hidden","No","No","No",,,,,,"kg",,"cm",,"cm",,"cm","Uncategorized",,,,,,,,,"No",,"In Stock","No","No",,,,,,"Publish","Open"
,,"314",,"Gerla a botte","gerla-a-botte","http://localhost:8888/sidi/shop/senza-categoria/gerla-a-botte/",,,"11/11/2013","11/18/2013","Raggruppato","Hidden","No","No","No",,,,,,"kg",,"cm",,"cm",,"cm","Uncategorized",,,,,,,,,"No",,"In Stock","No","No",,,,,,"Publish","Open"
,,"313",,"Gerla a conchiglia","gerla-a-conchiglia","http://localhost:8888/sidi/shop/senza-categoria/gerla-a-conchiglia/",,,"11/11/2013","11/18/2013","Raggruppato","Hidden","No","No","No",,,,,,"kg",,"cm",,"cm",,"cm","Uncategorized",,,,,,,,,"No",,"In Stock","No","No",,,,,,"Publish","Open"
,,"312",,"Gerla classica","gerla-classica","http://localhost:8888/sidi/shop/senza-categoria/gerla-classica/",,,"11/11/2013","11/18/2013","Raggruppato","Hidden","No","No","No",,,,,,"kg",,"cm",,"cm",,"cm","Uncategorized",,,,,,,,,"No",,"In Stock","No","No",,,,,,"Publish","Open"
,,"311","1886040","Calice con Foglie &#8211; Mod. CAF-45","modello-caf-45","http://localhost:8888/sidi/shop/terra/modello-caf-45/",,,"11/11/2013","12/19/2013","Semplice","Catalog & Search","No","No","No",,,,,,"kg","56.5","cm","26","cm","45","cm","Collezione Terra",,,,,,,,,"Yes","30","In Stock","No","No",,,,,,"Publish","Open"
,,"310","1887040","Calice Liscio &#8211; Mod. CLL-45","modello-cll-45","http://localhost:8888/sidi/shop/terra/modello-cll-45/",,,"11/11/2013","12/19/2013","Semplice","Catalog & Search","No","No","No",,,,,,"kg","54","cm","30","cm","44","cm","Collezione Terra",,,,,,,,,"Yes","30","In Stock","No","No",,,,,,"Publish","Open"
,,"309","1881000","Orcio Liscio &#8211; Mod. OL-60","modello-ol-60","http://localhost:8888/sidi/shop/terra/modello-ol-60/",,,"11/11/2013","12/19/2013","Semplice","Catalog & Search","No","No","No",,,,,,"kg","72","cm","60","cm","48","cm","Collezione Terra",,,,,,,,,"Yes","6","In Stock","No","No",,,,,,"Publish","Open"
,,"308",,"Quadro con rosetta","calice-con-foglie","http://localhost:8888/sidi/shop/senza-categoria/calice-con-foglie/",,,"11/11/2013","12/19/2013","Raggruppato","Hidden","No","No","No",,,,,,"kg",,"cm",,"cm",,"cm","Uncategorized",,,,,,,,,"No",,"In Stock","No","No",,,,,,"Trash","Open"
,,"307",,"Calice liscio","calice-liscio","http://localhost:8888/sidi/shop/senza-categoria/calice-liscio/",,,"11/11/2013","11/18/2013","Raggruppato","Hidden","No","No","No",,,,,,"kg",,"cm",,"cm",,"cm","Uncategorized",,,,,,,,,"No",,"In Stock","No","No",,,,,,"Publish","Open"
,,"306",,"Orcio liscio","orcio-liscio","http://localhost:8888/sidi/shop/senza-categoria/orcio-liscio/",,,"11/11/2013","11/18/2013","Raggruppato","Hidden","No","No","No",,,,,,"kg",,"cm",,"cm",,"cm","Uncategorized",,,,,,,,,"No",,"In Stock","No","No",,,,,,"Publish","Open"
,,"304","1885000","Calice Acanto &#8211; Mod. CAL-44","modello-cal-44","http://localhost:8888/sidi/shop/terra/modello-cal-44/",,,"11/11/2013","12/19/2013","Semplice","Catalog & Search","No","No","No",,,,,,"kg","48","cm","28","cm","41","cm","Collezione Terra",,,,,,,,,"Yes","30","In Stock","No","No",,,,,,"Publish","Open"
,,"303","1880050","Orcio con Manici &#8211; Mod. OM-55","modello-om-55","http://localhost:8888/sidi/shop/terra/modello-om-55/",,,"11/11/2013","12/11/2013","Semplice","Catalog & Search","No","No","No",,,,,,"kg","63","cm","58.5","cm","38","cm","Collezione Terra",,,,,,,,,"Yes","10","In Stock","No","No",,,,,,"Publish","Open"
,,"302","1882000","Orcio Decorato &#8211; Mod. OD-65","modello-od-65","http://localhost:8888/sidi/shop/terra/modello-od-65/",,,"11/11/2013","12/11/2013","Semplice","Catalog & Search","No","No","No",,,,,,"kg","60","cm","66","cm","55","cm","Collezione Terra",,,,,,,,,"Yes","8","In Stock","No","No",,,,,,"Publish","Open"
,,"301","1810050","Cilindro con Frutta &#8211; Mod. CLF-50","modello-clf-50","http://localhost:8888/sidi/shop/terra/modello-clf-50/",,,"11/11/2013","12/11/2013","Semplice","Catalog & Search","No","No","No",,,,,,"kg","36","cm","50","cm","51","cm","Collezione Terra",,,,,,,,,"Yes","24","In Stock","No","No",,,,,,"Publish","Open"
,,"300","1810540","Cilindro con Angeli &#8211; Mod. CLA-43","modello-cla-43","http://localhost:8888/sidi/shop/terra/modello-cla-43/",,,"11/11/2013","12/11/2013","Semplice","Catalog & Search","No","No","No",,,,,,"kg","31","cm","41","cm","42","cm","Collezione Terra",,,,,,,,,"Yes","42","In Stock","No","No",,,,,,"Publish","Open"
,,"299","1812025","Caspò Acanto &#8211; Mod. CSA-25","modello-csa-25","http://localhost:8888/sidi/shop/terra/modello-csa-25/",,,"11/11/2013","12/11/2013","Semplice","Catalog & Search","No","No","No",,,,,,"kg","18","cm","15","cm","24","cm","Collezione Terra",,,,,,,,,"Yes","96","In Stock","No","No",,,,,,"Publish","Open"
,,"298","1811050","Cache-Pot Festonato &#8211; Mod. CHF-50","modello-chf-50","http://localhost:8888/sidi/shop/terra/modello-chf-50/",,,"11/11/2013","12/11/2013","Semplice","Catalog & Search","No","No","No",,,,,,"kg","28","cm","51","cm","48","cm","Collezione Terra",,,,,,,,,"Yes","45","In Stock","No","No",,,,,,"Publish","Open"
,,"297",,"Calice acanto","calice-acanto","http://localhost:8888/sidi/shop/senza-categoria/calice-acanto/",,,"11/11/2013","11/18/2013","Raggruppato","Hidden","No","No","No",,,,,,"kg",,"cm",,"cm",,"cm","Uncategorized",,,,,,,,,"No",,"In Stock","No","No",,,,,,"Publish","Open"
,,"296",,"Orcio con manici","orcio-con-manici","http://localhost:8888/sidi/shop/senza-categoria/orcio-con-manici/",,,"11/11/2013","11/18/2013","Raggruppato","Hidden","No","No","No",,,,,,"kg",,"cm",,"cm",,"cm","Uncategorized",,,,,,,,,"No",,"In Stock","No","No",,,,,,"Publish","Open"
,,"295",,"Orcio Decorato","orcio-decorato","http://localhost:8888/sidi/shop/senza-categoria/orcio-decorato/",,,"11/11/2013","11/18/2013","Raggruppato","Hidden","No","No","No",,,,,,"kg",,"cm",,"cm",,"cm","Uncategorized",,,,,,,,,"No",,"In Stock","No","No",,,,,,"Publish","Open"
,,"294",,"Cilindro con frutta","cilindro-con-frutta","http://localhost:8888/sidi/shop/senza-categoria/cilindro-con-frutta/",,,"11/11/2013","11/18/2013","Raggruppato","Hidden","No","No","No",,,,,,"kg",,"cm",,"cm",,"cm","Uncategorized",,,,,,,,,"No",,"In Stock","No","No",,,,,,"Publish","Open"
,,"293",,"Cilindro con angeli","cilindro-con-angeli","http://localhost:8888/sidi/shop/senza-categoria/cilindro-con-angeli/",,,"11/11/2013","11/18/2013","Raggruppato","Hidden","No","No","No",,,,,,"kg",,"cm",,"cm",,"cm","Uncategorized",,,,,,,,,"No",,"In Stock","No","No",,,,,,"Publish","Open"
,,"292",,"Caspò acanto","caspo-acanto","http://localhost:8888/sidi/shop/senza-categoria/caspo-acanto/",,,"11/11/2013","11/18/2013","Raggruppato","Hidden","No","No","No",,,,,,"kg",,"cm",,"cm",,"cm","Uncategorized",,,,,,,,,"No",,"In Stock","No","No",,,,,,"Publish","Open"
,,"290",,"Cache-pot festonato","cache-pot-festonato","http://localhost:8888/sidi/shop/senza-categoria/cache-pot-festonato/",,,"11/11/2013","11/18/2013","Raggruppato","Hidden","No","No","No",,,,,,"kg",,"cm",,"cm",,"cm","Uncategorized",,,,,,,,,"No",,"In Stock","No","No",,,,,,"Publish","Open"
,,"289","1804645","Vaso Baccellato &#8211; Mod. BC-45","modello-bc-45","http://localhost:8888/sidi/shop/terra/modello-bc-45/",,,"11/11/2013","12/11/2013","Semplice","Catalog & Search","No","No","No",,,,,,"kg","28","cm","50","cm","47","cm","Collezione Terra",,,,,,,,,"Yes","30","In Stock","No","No",,,,,,"Publish","Open"
,,"288","1813055","Cache-Pot Liscio con Manici &#8211; Mod. CHL-50","modello-chl-50","http://localhost:8888/sidi/shop/terra/modello-chl-50/",,,"11/11/2013","12/11/2013","Semplice","Catalog & Search","No","No","No",,,,,,"kg","28","cm","48","cm","37","cm","Collezione Terra",,,,,,,,,"Yes","30","In Stock","No","No",,,,,,"Publish","Open"
,,"287","1840070","Ciotola Alta &#8211; Mod. CTLH-70","modello-ctlh-70","http://localhost:8888/sidi/shop/terra/modello-ctlh-70/",,,"11/11/2013","12/11/2013","Semplice","Catalog & Search","No","No","No",,,,,,"kg","24","cm","31","cm","70","cm","Collezione Terra",,,,,,,,,"Yes","100","In Stock","No","No",,,,,,"Publish","Open"
,,"286","1840060","Ciotola Alta &#8211; Mod. CTLH-60","modello-ctlh-60","http://localhost:8888/sidi/shop/terra/modello-ctlh-60/",,,"11/11/2013","12/11/2013","Semplice","Catalog & Search","No","No","No",,,,,,"kg","20","cm","27.5","cm","60","cm","Collezione Terra",,,,,,,,,"Yes","130","In Stock","No","No",,,,,,"Publish","Open"
,,"285","1841120","Ciotola &#8211; Mod. CT/L-120","modello-ctl-120","http://localhost:8888/sidi/shop/terra/modello-ctl-120/",,,"11/11/2013","11/18/2013","Semplice","Catalog & Search","No","No","No",,,,,,"kg","31","cm","50","cm","112","cm","Collezione Terra",,,,,,,,,"Yes","40","In Stock","No","No",,,,,,"Publish","Open"
,,"284","1841100","Ciotola &#8211; Mod. CT/L-100","modello-ctl-100","http://localhost:8888/sidi/shop/terra/modello-ctl-100/",,,"11/11/2013","11/18/2013","Semplice","Catalog & Search","No","No","No",,,,,,"kg","28","cm","43","cm","95","cm","Collezione Terra",,,,,,,,,"Yes","50","In Stock","No","No",,,,,,"Publish","Open"
,,"283","1841085","Ciotola &#8211; Mod. CT/L-85","modello-ctl-85","http://localhost:8888/sidi/shop/terra/modello-ctl-85/",,,"11/11/2013","11/18/2013","Semplice","Catalog & Search","No","No","No",,,,,,"kg","23","cm","36","cm","80","cm","Collezione Terra",,,,,,,,,"Yes","54","In Stock","No","No",,,,,,"Publish","Open"
,,"282","1841070","Ciotola &#8211; Mod. CT/L-70","modello-ctl-70","http://localhost:8888/sidi/shop/terra/modello-ctl-70/",,,"11/11/2013","11/18/2013","Semplice","Catalog & Search","No","No","No",,,,,,"kg","19","cm","30","cm","65","cm","Collezione Terra",,,,,,,,,"Yes","60","In Stock","No","No",,,,,,"Publish","Open"
,,"281","B150100","Cassetta Ovale &#8211; Mod. COV-100","modello-cov-100","http://localhost:8888/sidi/shop/terra/modello-cov-100/",,,"11/11/2013","12/11/2013","Semplice","Catalog & Search","No","No","No",,,,,,"kg","35.2","cm","84","cm","99.5","cm","Collezione Terra",,,,,,,,,"Yes","22","In Stock","No","No",,,,,,"Publish","Open"
,,"280","B150080","Cassetta Ovale &#8211; Mod. COV-80","modello-cov-80","http://localhost:8888/sidi/shop/terra/modello-cov-80/",,,"11/11/2013","12/11/2013","Semplice","Catalog & Search","No","No","No",,,,,,"kg","25.5","cm","67.5","cm","79","cm","Collezione Terra",,,,,,,,,"Yes","24","In Stock","No","No",,,,,,"Publish","Open"
,,"279","B150060","Cassetta Ovale &#8211; Mod. COV-60","modello-cov-60","http://localhost:8888/sidi/shop/terra/modello-cov-60/",,,"11/11/2013","12/11/2013","Semplice","Catalog & Search","No","No","No",,,,,,"kg","25.5","cm","50","cm","60.1","cm","Collezione Terra",,,,,,,,,"Yes","56","In Stock","No","No",,,,,,"Publish","Open"
,,"278","1831050","Conca Doppio Bordo &#8211; Mod. CDB-55","modello-cdb-55-2","http://localhost:8888/sidi/shop/terra/modello-cdb-55-2/",,,"11/11/2013","12/11/2013","Semplice","Catalog & Search","No","No","No",,,,,,"kg","29","cm","40","cm","55","cm","Collezione Terra",,,,,,,,,"Yes","36","In Stock","No","No",,,,,,"Publish","Open"
,,"277","1831060","Conca Doppio Bordo &#8211; Mod. CDB-65","modello-cdb-55","http://localhost:8888/sidi/shop/terra/modello-cdb-55/",,,"11/11/2013","12/11/2013","Semplice","Catalog & Search","No","No","No",,,,,,"kg","33","cm","50","cm","66","cm","Collezione Terra",,,,,,,,,"Yes","32","In Stock","No","No",,,,,,"Publish","Open"
,,"276","1822070","Campana Liscia &#8211; Mod. CL-70","modello-cl-70","http://localhost:8888/sidi/shop/terra/modello-cl-70/",,,"11/11/2013","12/11/2013","Semplice","Catalog & Search","No","No","No",,,,,,"kg","50","cm","57","cm","71","cm","Collezione Terra",,,,,,,,,"Yes","26","In Stock","No","No",,,,,,"Publish","Open"
,,"275","1822060","Campana Liscia &#8211; Mod. CL-65","modello-cl-65","http://localhost:8888/sidi/shop/terra/modello-cl-65/",,,"11/11/2013","12/11/2013","Semplice","Catalog & Search","No","No","No",,,,,,"kg","43","cm","48","cm","64","cm","Collezione Terra",,,,,,,,,"Yes","32","In Stock","No","No",,,,,,"Publish","Open"
,,"274",,"Vaso baccellato","vaso-baccellato","http://localhost:8888/sidi/shop/senza-categoria/vaso-baccellato/",,,"11/11/2013","11/18/2013","Raggruppato","Hidden","No","No","No",,,,,,"kg",,"cm",,"cm",,"cm","Uncategorized",,,,,,,,,"No",,"In Stock","No","No",,,,,,"Publish","Open"
,,"273",,"Cache-pot liscio con manici","cache-pot-liscio-con-manici","http://localhost:8888/sidi/shop/senza-categoria/cache-pot-liscio-con-manici/",,,"11/11/2013","11/18/2013","Raggruppato","Hidden","No","No","No",,,,,,"kg",,"cm",,"cm",,"cm","Uncategorized",,,,,,,,,"No",,"In Stock","No","No",,,,,,"Publish","Open"
,,"272",,"Ciotola alta","ciotola-alta","http://localhost:8888/sidi/shop/senza-categoria/ciotola-alta/",,,"11/11/2013","11/18/2013","Raggruppato","Hidden","No","No","No",,,,,,"kg",,"cm",,"cm",,"cm","Uncategorized",,,,,,,,,"No",,"In Stock","No","No",,,,,,"Publish","Open"
,,"271",,"Cassetta ovale","cassetta-ovale","http://localhost:8888/sidi/shop/senza-categoria/cassetta-ovale/",,,"11/11/2013","11/18/2013","Raggruppato","Hidden","No","No","No",,,,,,"kg",,"cm",,"cm",,"cm","Uncategorized",,,,,,,,,"No",,"In Stock","No","No",,,,,,"Publish","Open"
,,"270",,"Conca doppio bordo","conca-doppio-bordo-2","http://localhost:8888/sidi/shop/senza-categoria/conca-doppio-bordo-2/",,,"11/11/2013","11/18/2013","Raggruppato","Hidden","No","No","No",,,,,,"kg",,"cm",,"cm",,"cm","Uncategorized",,,,,,,,,"No",,"In Stock","No","No",,,,,,"Publish","Open"
,,"269",,"Ciotola","conca-doppio-bordo","http://localhost:8888/sidi/shop/senza-categoria/conca-doppio-bordo/",,,"11/11/2013","11/18/2013","Raggruppato","Hidden","No","No","No",,,,,,"kg",,"cm",,"cm",,"cm","Uncategorized",,,,,,,,,"No",,"In Stock","No","No",,,,,,"Publish","Open"
,,"268",,"Campana liscia","campana-liscia","http://localhost:8888/sidi/shop/senza-categoria/campana-liscia/",,,"11/11/2013","11/18/2013","Raggruppato","Hidden","No","No","No",,,,,,"kg",,"cm",,"cm",,"cm","Uncategorized",,,,,,,,,"No",,"In Stock","No","No",,,,,,"Publish","Open"
,,"267","1821070","Campana Greca &#8211; Mod. CG-70","modello-cg-70","http://localhost:8888/sidi/shop/terra/modello-cg-70/",,,"11/11/2013","12/11/2013","Semplice","Catalog & Search","No","No","No",,,,,,"kg","48","cm","36","cm","69","cm","Collezione Terra",,,,,,,,,"Yes","30","In Stock","No","No",,,,,,"Publish","Open"
,,"266","1821055","Campana Greca &#8211; Mod. CG-62","modello-cg-62","http://localhost:8888/sidi/shop/terra/modello-cg-62/",,,"11/11/2013","12/11/2013","Semplice","Catalog & Search","No","No","No",,,,,,"kg","43","cm","33","cm","63","cm","Collezione Terra",,,,,,,,,"Yes","34","In Stock","No","No",,,,,,"Publish","Open"
,,"265",,"Campana greca","campana-greca","http://localhost:8888/sidi/shop/senza-categoria/campana-greca/",,,"11/11/2013","11/18/2013","Raggruppato","Hidden","No","No","No",,,,,,"kg",,"cm",,"cm",,"cm","Uncategorized",,,,,,,,,"No",,"In Stock","No","No",,,,,,"Publish","Open"
,,"264","1801570","Vaso Conico Festonato con Melograni &#8211; Mod. CFM-75","modello-cfm-75","http://localhost:8888/sidi/shop/terra/modello-cfm-75/",,,"11/11/2013","12/11/2013","Semplice","Catalog & Search","No","No","No",,,,,,"kg","56.5","cm","41.5","cm","69","cm","Collezione Terra",,,,,,,,,"Yes","14","In Stock","No","No",,,,,,"Publish","Open"
,,"263","1801560","Vaso Conico Festonato con Melograni &#8211; Mod. CFM-60","modello-cfm-60","http://localhost:8888/sidi/shop/terra/modello-cfm-60/",,,"11/11/2013","12/11/2013","Semplice","Catalog & Search","No","No","No",,,,,,"kg","47","cm","38","cm","60","cm","Collezione Terra",,,,,,,,,"Yes","14","In Stock","No","No",,,,,,"Publish","Open"
,,"262","1801550","Vaso Conico Festonato con Melograni &#8211; Mod. CFM-50","modello-cfm-50","http://localhost:8888/sidi/shop/terra/modello-cfm-50/",,,"11/11/2013","12/11/2013","Semplice","Catalog & Search","No","No","No",,,,,,"kg","38.5","cm","29","cm","48","cm","Collezione Terra",,,,,,,,,"Yes","40","In Stock","No","No",,,,,,"Publish","Open"
,,"261",,"Vaso conico festonato con melograni","vaso-conico-festonato-con-melograni","http://localhost:8888/sidi/shop/senza-categoria/vaso-conico-festonato-con-melograni/",,,"11/11/2013","11/18/2013","Raggruppato","Hidden","No","No","No",,,,,,"kg",,"cm",,"cm",,"cm","Uncategorized",,,,,,,,,"No",,"In Stock","No","No",,,,,,"Publish","Open"
,,"260","1802380","Vaso Conico Festonato con Ghirlande &#8211; Mod. CNG-85","modello-cng-85","http://localhost:8888/sidi/shop/terra/modello-cng-85/",,,"11/11/2013","12/11/2013","Semplice","Catalog & Search","No","No","No",,,,,,"kg","55","cm","47","cm","79","cm","Collezione Terra",,,,,,,,,"Yes","11","In Stock","No","No",,,,,,"Publish","Open"
,,"258",,"Vaso conico festonato con ghirlande","vaso-conico-festonato-con-ghirlande","http://localhost:8888/sidi/shop/senza-categoria/vaso-conico-festonato-con-ghirlande/",,,"11/11/2013","11/18/2013","Raggruppato","Hidden","No","No","No",,,,,,"kg",,"cm",,"cm",,"cm","Uncategorized",,,,,,,,,"No",,"In Stock","No","No",,,,,,"Publish","Open"
,,"257","1801370","Vaso Conico Festonato con Limoni &#8211; Mod. CFL-75","modello-cfl-75","http://localhost:8888/sidi/shop/terra/modello-cfl-75/",,,"11/11/2013","12/11/2013","Semplice","Catalog & Search","No","No","No",,,,,,"kg","51.5","cm","36","cm","70","cm","Collezione Terra",,,,,,,,,"Yes","38","In Stock","No","No",,,,,,"Publish","Open"
,,"256","1801360","Vaso Conico Festonato con Limoni &#8211; Mod. CFL-60","modello-cfl-60","http://localhost:8888/sidi/shop/terra/modello-cfl-60/",,,"11/11/2013","12/11/2013","Semplice","Catalog & Search","No","No","No",,,,,,"kg","45","cm","29","cm","58","cm","Collezione Terra",,,,,,,,,"Yes","44","In Stock","No","No",,,,,,"Publish","Open"
,,"255","1801350","Vaso Conico Festonato con Limoni &#8211; Mod. CFL-50","modello-cfl-50","http://localhost:8888/sidi/shop/terra/modello-cfl-50/",,,"11/11/2013","12/11/2013","Semplice","Catalog & Search","No","No","No",,,,,,"kg","37","cm","24","cm","48","cm","Collezione Terra",,,,,,,,,"Yes","72","In Stock","No","No",,,,,,"Publish","Open"
,,"254",,"Vaso conico festonato con limoni","vaso-conico-festonato-con-limoni","http://localhost:8888/sidi/shop/senza-categoria/vaso-conico-festonato-con-limoni/",,,"11/11/2013","11/18/2013","Raggruppato","Hidden","No","No","No",,,,,,"kg",,"cm",,"cm",,"cm","Uncategorized",,,,,,,,,"No",,"In Stock","No","No",,,,,,"Publish","Open"
,,"253","B095065","Mediterraneo &#8211; Mod. MED-173","modello-med-173","http://localhost:8888/sidi/shop/terra/modello-med-173/",,,"11/11/2013","11/18/2013","Semplice","Catalog & Search","No","No","No",,,,,,"kg","129.5","cm","120","cm","173","cm","Collezione Terra",,,,,,,,,"Yes","3","In Stock","No","No",,,,,,"Publish","Open"
,,"252","B095055","Mediterraneo &#8211; Mod. MED-140","modello-med-140","http://localhost:8888/sidi/shop/terra/modello-med-140/",,,"11/11/2013","11/18/2013","Semplice","Catalog & Search","No","No","No",,,,,,"kg","105.5","cm","100","cm","140","cm","Collezione Terra",,,,,,,,,"Yes","4","In Stock","No","No",,,,,,"Publish","Open"
,,"251","B095041","Mediterraneo &#8211; Mod. MED-110","modello-med-110","http://localhost:8888/sidi/shop/terra/modello-med-110/",,,"11/11/2013","11/18/2013","Semplice","Catalog & Search","No","No","No",,,,,,"kg","82","cm","75.5","cm","110","cm","Collezione Terra",,,,,,,,,"Yes","5","In Stock","No","No",,,,,,"Publish","Open"
,,"250",,"Mediterraneo","mediterraneo","http://localhost:8888/sidi/shop/senza-categoria/mediterraneo/",,,"11/11/2013","11/18/2013","Raggruppato","Hidden","No","No","No",,,,,,"kg",,"cm",,"cm",,"cm","Uncategorized",,,,,,,,,"No",,"In Stock","No","No",,,,,,"Publish","Open"
,,"249","1802590","Conca Festonata &#8211; Mod. CNF-90","modello-cnf-90","http://localhost:8888/sidi/shop/terra/modello-cnf-90/",,,"11/11/2013","12/11/2013","Semplice","Catalog & Search","No","No","No",,,,,,"kg","62","cm","38","cm","87","cm","Collezione Terra",,,,,,,,,"Yes","16","In Stock","No","No",,,,,,"Publish","Open"
,,"248","1802555","Conca Festonata &#8211; Mod. CNF-55","modello-cnf-55","http://localhost:8888/sidi/shop/terra/modello-cnf-55/",,,"11/11/2013","12/11/2013","Semplice","Catalog & Search","No","No","No",,,,,,"kg","39","cm","28.5","cm","53.5","cm","Collezione Terra",,,,,,,,,"Yes","44","In Stock","No","No",,,,,,"Publish","Open"
,,"247",,"Conca festonata","conca-festonata","http://localhost:8888/sidi/shop/senza-categoria/conca-festonata/",,,"11/11/2013","11/18/2013","Raggruppato","Hidden","No","No","No",,,,,,"kg",,"cm",,"cm",,"cm","Uncategorized",,,,,,,,,"No",,"In Stock","No","No",,,,,,"Publish","Open"
,,"246","1801080","Vaso Doppio Bordo Liscio &#8211; Mod. DBL-85","modello-dbl-85-2","http://localhost:8888/sidi/shop/terra/modello-dbl-85-2/",,,"11/11/2013","12/11/2013","Semplice","Catalog & Search","No","No","No",,,,,,"kg","68.5","cm","50","cm","88","cm","Collezione Terra",,,,,,,,,"Yes","12","In Stock","No","No",,,,,,"Publish","Open"
,,"245","1802140","Vaso Conico Festonato &#8211; Mod. CF-140","modello-cf-140","http://localhost:8888/sidi/shop/terra/modello-cf-140/",,,"11/11/2013","12/11/2013","Semplice","Catalog & Search","No","No","No",,,,,,"kg","103","cm","80","cm","146","cm","Collezione Terra",,,,,,,,,"Yes","5","In Stock","No","No",,,,,,"Publish","Open"
,,"244","1802120","Vaso Conico Festonato &#8211; Mod. CF-120","modello-cf-120","http://localhost:8888/sidi/shop/terra/modello-cf-120/",,,"11/11/2013","12/11/2013","Semplice","Catalog & Search","No","No","No",,,,,,"kg","92","cm","70.5","cm","123","cm","Collezione Terra",,,,,,,,,"Yes","6","In Stock","No","No",,,,,,"Publish","Open"
,,"243","1802100","Vaso Conico Festonato &#8211; Mod. CF-100","modello-cf-100","http://localhost:8888/sidi/shop/terra/modello-cf-100/",,,"11/11/2013","12/11/2013","Semplice","Catalog & Search","No","No","No",,,,,,"kg","78","cm","55","cm","96","cm","Collezione Terra",,,,,,,,,"Yes","10","In Stock","No","No",,,,,,"Publish","Open"
,,"242","1802085","Vaso Conico Festonato &#8211; Mod. CF-85","modello-cf-75","http://localhost:8888/sidi/shop/terra/modello-cf-75/",,,"11/11/2013","12/11/2013","Semplice","Catalog & Search","No","No","No",,,,,,"kg","75","cm","50","cm","86","cm","Collezione Terra",,,,,,,,,"Yes","13","In Stock","No","No",,,,,,"Publish","Open"
,,"241","1802060","Vaso Conico Festonato &#8211; Mod. CF-65","modello-cf-65","http://localhost:8888/sidi/shop/terra/modello-cf-65/",,,"11/11/2013","12/11/2013","Semplice","Catalog & Search","No","No","No",,,,,,"kg","52","cm","37","cm","64","cm","Collezione Terra",,,,,,,,,"Yes","32","In Stock","No","No",,,,,,"Publish","Open"
,,"240","1802050","Vaso Conico Festonato &#8211; Mod. CF-55","modello-cf-55","http://localhost:8888/sidi/shop/terra/modello-cf-55/",,,"11/11/2013","12/11/2013","Semplice","Catalog & Search","No","No","No",,,,,,"kg","44","cm","30","cm","56","cm","Collezione Terra",,,,,,,,,"Yes","40","In Stock","No","No",,,,,,"Publish","Open"
,,"239","1802040","Vaso Conico Festonato &#8211; Mod. CF-45","modello-cf-45","http://localhost:8888/sidi/shop/terra/modello-cf-45/",,,"11/11/2013","12/11/2013","Semplice","Catalog & Search","No","No","No",,,,,,"kg","38","cm","27","cm","45","cm","Collezione Terra",,,,,,,,,"Yes","132","In Stock","No","No",,,,,,"Publish","Open"
,,"238","1802035","Vaso Conico Festonato &#8211; Mod. CF-40","modello-cf-40","http://localhost:8888/sidi/shop/terra/modello-cf-40/",,,"11/11/2013","12/11/2013","Semplice","Catalog & Search","No","No","No",,,,,,"kg","33","cm","23","cm","39","cm","Collezione Terra",,,,,,,,,"Yes","156","In Stock","No","No",,,,,,"Publish","Open"
,,"237","1802030","Vaso Conico Festonato &#8211; Mod. CF-35","modello-cf-35","http://localhost:8888/sidi/shop/terra/modello-cf-35/",,,"11/11/2013","12/11/2013","Semplice","Catalog & Search","No","No","No",,,,,,"kg","30","cm","20","cm","34","cm","Collezione Terra",,,,,,,,,"Yes","216","In Stock","No","No",,,,,,"Publish","Open"
,,"236","1802025","Vaso Conico Festonato &#8211; Mod. CF-30","modello-cf-30","http://localhost:8888/sidi/shop/terra/modello-cf-30/",,,"11/11/2013","12/11/2013","Semplice","Catalog & Search","No","No","No",,,,,,"kg","26","cm","17","cm","30","cm","Collezione Terra",,,,,,,,,"Yes","319","In Stock","No","No",,,,,,"Publish","Open"
,,"235",,"Vaso conico festonato","vaso-conico-festonato","http://localhost:8888/sidi/shop/senza-categoria/vaso-conico-festonato/",,,"11/11/2013","11/18/2013","Raggruppato","Hidden","No","No","No",,,,,,"kg",,"cm",,"cm",,"cm","Uncategorized",,,,,,,,,"No",,"In Stock","No","No",,,,,,"Publish","Open"
,,"234","1801095","Vaso Doppio Bordo Liscio &#8211; Mod. DBL-140","modello-dbl-140","http://localhost:8888/sidi/shop/terra/modello-dbl-140/",,,"11/11/2013","12/11/2013","Semplice","Catalog & Search","No","No","No",,,,,,"kg","88","cm","77","cm","133","cm","Collezione Terra",,,,,,,,,"Yes","8","In Stock","No","No",,,,,,"Publish","Open"
,,"233","1801090","Vaso Doppio Bordo Liscio &#8211; Mod. DBL-120","modello-dbl-120","http://localhost:8888/sidi/shop/terra/modello-dbl-120/",,,"11/11/2013","12/11/2013","Semplice","Catalog & Search","No","No","No",,,,,,"kg","88","cm","60","cm","110","cm","Collezione Terra",,,,,,,,,"Yes","8","In Stock","No","No",,,,,,"Publish","Open"
,,"231","1801085","Vaso Doppio Bordo Liscio &#8211; Mod. DBL-110","modello-dbl-85","http://localhost:8888/sidi/shop/terra/modello-dbl-85/",,,"11/11/2013","12/11/2013","Semplice","Catalog & Search","No","No","No",,,,,,"kg","81","cm","54","cm","98","cm","Collezione Terra",,,,,,,,,"Yes","10","In Stock","No","No",,,,,,"Publish","Open"
,,"230","1801070","Vaso Doppio Bordo Liscio &#8211; Mod. DBL-75","modello-dbl-75","http://localhost:8888/sidi/shop/terra/modello-dbl-75/",,,"11/11/2013","12/11/2013","Semplice","Catalog & Search","No","No","No",,,,,,"kg","62","cm","47","cm","74","cm","Collezione Terra",,,,,,,,,"Yes","13","In Stock","No","No",,,,,,"Publish","Open"
,,"229","1801060","Vaso Doppio Bordo Liscio &#8211; Mod. DBL-65","modello-dbl-65","http://localhost:8888/sidi/shop/terra/modello-dbl-65/",,,"11/11/2013","12/11/2013","Semplice","Catalog & Search","No","No","No",,,,,,"kg","55","cm","42","cm","67","cm","Collezione Terra",,,,,,,,,"Yes","32","In Stock","No","No",,,,,,"Publish","Open"
,,"228","1801058","Vaso Doppio Bordo Liscio &#8211; Mod. DBL-62","modello-dbl-62","http://localhost:8888/sidi/shop/terra/modello-dbl-62/",,,"11/11/2013","12/11/2013","Semplice","Catalog & Search","No","No","No",,,,,,"kg","52","cm","37","cm","60","cm","Collezione Terra",,,,,,,,,"Yes","32","In Stock","No","No",,,,,,"Publish","Open"
,,"227","1801055","Vaso Doppio Bordo Liscio &#8211; Mod. DBL-60","modello-dbl-60","http://localhost:8888/sidi/shop/terra/modello-dbl-60/",,,"11/11/2013","12/11/2013","Semplice","Catalog & Search","No","No","No",,,,,,"kg","44","cm","33","cm","55","cm","Collezione Terra",,,,,,,,,"Yes","32","In Stock","No","No",,,,,,"Publish","Open"
,,"226","1801045","Vaso Doppio Bordo Liscio &#8211; Mod. DBL-45","modello-dbl-45","http://localhost:8888/sidi/shop/terra/modello-dbl-45/",,,"11/11/2013","12/11/2013","Semplice","Catalog & Search","No","No","No",,,,,,"kg","41","cm","27","cm","45","cm","Collezione Terra",,,,,,,,,"Yes","114","In Stock","No","No",,,,,,"Publish","Open"
,,"224","1801040","Vaso Doppio Bordo Liscio &#8211; Mod. DBL-42","modello-dbl-35-copysdsdaad","http://localhost:8888/sidi/shop/terra/modello-dbl-35-copysdsdaad/",,,"11/11/2013","12/11/2013","Semplice","Catalog & Search","No","No","No",,,,,,"kg","40","cm","25","cm","42","cm","Collezione Terra",,,,,,,,,"Yes","120","In Stock","No","No",,,,,,"Publish","Open"
,,"223","1801030","Vaso Doppio Bordo Liscio &#8211; Mod. DBL-35","modello-dbl-35","http://localhost:8888/sidi/shop/terra/modello-dbl-35/",,,"11/11/2013","12/11/2013","Semplice","Catalog & Search","No","No","No",,,,,,"kg","33","cm","20","cm","35","cm","Collezione Terra",,,,,,,,,"Yes","168","In Stock","No","No",,,,,,"Publish","Open"
,,"222",,"Vaso doppio bordo liscio","vaso-doppio-bordo-liscio","http://localhost:8888/sidi/shop/senza-categoria/vaso-doppio-bordo-liscio/",,,"11/11/2013","11/18/2013","Raggruppato","Hidden","No","No","No",,,,,,"kg",,"cm",,"cm",,"cm","Uncategorized",,,,,,,,,"No",,"In Stock","No","No",,,,,,"Publish","Open"
,,"204","BOA8065","Hilo &#8211; Mod. 130","modello-130-2","http://localhost:8888/sidi/shop/nude/modello-130-2/",,,"11/10/2013","11/18/2013","Semplice","Catalog & Search","No","No","No",,,,,,"kg","127.5","cm","42","cm","60","cm","Collezione Nude",,,,,,,,,"Yes","3","In Stock","No","No",,,,,,"Publish","Open"
,,"203","BOA8056","Hilo &#8211; Mod. 100","modello-100-2","http://localhost:8888/sidi/shop/nude/modello-100-2/",,,"11/10/2013","11/18/2013","Semplice","Catalog & Search","No","No","No",,,,,,"kg","107.5","cm","36","cm","50","cm","Collezione Nude",,,,,,,,,"Yes","8","In Stock","No","No",,,,,,"Publish","Open"
,,"202","BOA8040","Hilo &#8211; Mod. 80","modello-80-2","http://localhost:8888/sidi/shop/nude/modello-80-2/",,,"11/10/2013","11/18/2013","Semplice","Catalog & Search","No","No","No",,,,,,"kg","81","cm","28","cm","40","cm","Collezione Nude",,,,,,,,,"Yes","15","In Stock","No","No",,,,,,"Publish","Open"
,,"201",,"Hilo","hilo","http://localhost:8888/sidi/shop/senza-categoria/hilo/","Modelli disponibili: 80/100/130",,"11/10/2013","11/20/2013","Raggruppato","Hidden","No","No","No",,,,,,"kg",,"cm",,"cm",,"cm","Uncategorized",,,,,,,,,"No",,"In Stock","No","No",,,,,,"Publish","Open"
,,"200","BOA7065","Naïf &#8211; Mod. 130","modello-130","http://localhost:8888/sidi/shop/nude/modello-130/",,,"11/10/2013","11/17/2013","Semplice","Catalog & Search","No","No","No",,,,,,"kg","128","cm","30","cm","48.5","cm","Collezione Nude",,,,,,,,,"Yes","8","In Stock","No","No",,,,,,"Publish","Open"
,,"199","BOA7056","Naïf &#8211; Mod. 100","modello-100","http://localhost:8888/sidi/shop/nude/modello-100/",,,"11/10/2013","11/17/2013","Semplice","Catalog & Search","No","No","No",,,,,,"kg","108","cm","26","cm","40","cm","Collezione Nude",,,,,,,,,"Yes","15","In Stock","No","No",,,,,,"Publish","Open"
,,"198","BOA7040","Naïf &#8211; Mod. 80","modello-80","http://localhost:8888/sidi/shop/nude/modello-80/",,,"11/10/2013","11/17/2013","Semplice","Catalog & Search","No","No","No",,,,,,"kg","81","cm","24","cm","36","cm","Collezione Nude",,,,,,,,,"Yes","15","In Stock","No","No",,,,,,"Publish","Open"
,,"196",,"Naïf","naif","http://localhost:8888/sidi/shop/senza-categoria/naif/","Modelli disponibili: 80/100/130",,"11/10/2013","11/18/2013","Raggruppato","Hidden","No","No","No",,,,,,"kg",,"cm",,"cm",,"cm","Uncategorized",,,,,,,,,"No",,"In Stock","No","No",,,,,,"Publish","Open"
,,"194",,"Girasole","girasole","http://localhost:8888/sidi/shop/senza-categoria/girasole/","Modelli disponibili: 60/80/100",,"11/09/2013","11/17/2013","Raggruppato","Hidden","No","No","No",,,,,,"kg",,"cm",,"cm",,"cm","Uncategorized",,,,,,,,,"No",,"In Stock","No","No",,,,,,"Publish","Open"
,,"192",,"Orchidea","orchidea","http://localhost:8888/sidi/shop/senza-categoria/orchidea/","Modelli disponibili: 45/60/75",,"11/09/2013","11/17/2013","Raggruppato","Hidden","No","No","No",,,,,,"kg",,"cm",,"cm",,"cm","Uncategorized",,,,,,,,,"No",,"In Stock","No","No",,,,,,"Publish","Open"
,,"190",,"Iris","iris-2","http://localhost:8888/sidi/shop/senza-categoria/iris-2/","Modelli disponibili: 36/45",,"11/09/2013","11/17/2013","Raggruppato","Hidden","No","No","No",,,,,,"kg",,"cm",,"cm",,"cm","Uncategorized",,,,,,,,,"No",,"In Stock","No","No",,,,,,"Publish","Open"
,,"188",,"Fiordaliso","fiordaliso-2","http://localhost:8888/sidi/shop/senza-categoria/fiordaliso-2/","Modelli disponibili: 40/55/70",,"11/09/2013","11/17/2013","Raggruppato","Hidden","No","No","No",,,,,,"kg",,"cm",,"cm",,"cm","Uncategorized",,,,,,,,,"No",,"In Stock","No","No",,,,,,"Publish","Open"
,,"186",,"Giglio","giglio","http://localhost:8888/sidi/shop/senza-categoria/giglio/","Modelli disponibili: 50/60/80",,"11/09/2013","11/17/2013","Raggruppato","Hidden","No","No","No",,,,,,"kg",,"cm",,"cm",,"cm","Uncategorized",,,,,,,,,"No",,"In Stock","No","No",,,,,,"Publish","Open"
,,"184",,"Rosa","rosa","http://localhost:8888/sidi/shop/senza-categoria/rosa/","Modelli disponibili: 55/70",,"11/09/2013","11/17/2013","Raggruppato","Hidden","No","No","No",,,,,,"kg",,"cm",,"cm",,"cm","Uncategorized",,,,,,,,,"No",,"In Stock","No","No",,,,,,"Publish","Open"
,,"183",,"Lilium","lilium","http://localhost:8888/sidi/shop/senza-categoria/lilium/","Modelli disponibili: 55/75/95",,"11/09/2013","11/17/2013","Raggruppato","Hidden","No","No","No",,,,,,"kg",,"cm",,"cm",,"cm","Uncategorized",,,,,,,,,"No",,"In Stock","No","No",,,,,,"Publish","Open"
,,"181",,"Gardenia","gardenia","http://localhost:8888/sidi/shop/senza-categoria/gardenia/","<div>
<div id=""product-desc"">
<div>

Modelli disponibili: 30/50

</div>
</div>
</div>",,"11/09/2013","11/17/2013","Raggruppato","Hidden","No","No","No",,,,,,"kg",,"cm",,"cm",,"cm","Uncategorized",,,,,,,,,"No",,"In Stock","No","No",,,,,,"Publish","Open"
,,"176",,"Mimosa","mimosa-3","http://localhost:8888/sidi/shop/senza-categoria/mimosa-3/","Modelli disponibili: 30/50",,"11/09/2013","11/17/2013","Raggruppato","Hidden","No","No","No",,,,,,"kg",,"cm",,"cm",,"cm","Uncategorized",,,,,,,,,"No",,"In Stock","No","No",,,,,,"Publish","Open"
,,"169","B100100","Girasole &#8211; Mod. 100","girasole-100","http://localhost:8888/sidi/shop/fiore/girasole-100/","Vaso: Girasole

Modello: 100",,"11/08/2013","11/17/2013","Semplice","Catalog & Search","No","No","No",,,,,,"kg","41.5","cm","85.5","cm","100","cm","Collezione Fiore",,,,,,,,,"Yes","20","In Stock","No","No",,,,,,"Publish","Open"
,,"168","B100080","Girasole &#8211; Mod. 80","girasole-80","http://localhost:8888/sidi/shop/fiore/girasole-80/","Vaso: Girasole

Modello: 80",,"11/08/2013","11/17/2013","Semplice","Catalog & Search","No","No","No",,,,,,"kg","34","cm","69","cm","70","cm","Collezione Fiore",,,,,,,,,"Yes","36","In Stock","No","No",,,,,,"Publish","Open"
,,"167","B100060","Girasole &#8211; Mod. 60","girasole-60","http://localhost:8888/sidi/shop/fiore/girasole-60/","Vaso: Girasole

Modello: 60",,"11/08/2013","11/17/2013","Semplice","Catalog & Search","No","No","No",,,,,,"kg","25.5","cm","51","cm","59.8","cm","Collezione Fiore",,,,,,,,,"Yes","39","In Stock","No","No",,,,,,"Publish","Open"
,,"166","B065037","Orchidea &#8211; Mod. 75","orchidea-75","http://localhost:8888/sidi/shop/fiore/orchidea-75/","Vaso: Orchidea

Modello: 75",,"11/08/2013","11/17/2013","Semplice","Catalog & Search","No","No","No",,,,,,"kg","76","cm","40","cm","50","cm","Collezione Fiore",,,,,,,,,"Yes","12","In Stock","No","No",,,,,,"Publish","Open"
,,"165","B065030","Orchidea &#8211; Mod. 60","orchidea-60","http://localhost:8888/sidi/shop/fiore/orchidea-60/","Vaso: Orchidea

Modello: 60",,"11/08/2013","11/17/2013","Semplice","Catalog & Search","No","No","No",,,,,,"kg","61","cm","32","cm","40.5","cm","Collezione Fiore",,,,,,,,,"Yes","24","In Stock","No","No",,,,,,"Publish","Open"
,,"164","B065023","Orchidea &#8211; Mod. 45","orchidea-45","http://localhost:8888/sidi/shop/fiore/orchidea-45/","Vaso: Orchidea

Modello: 45",,"11/08/2013","11/17/2013","Semplice","Catalog & Search","No","No","No",,,,,,"kg","45.5","cm","24","cm","30.7","cm","Collezione Fiore",,,,,,,,,"Yes","42","In Stock","No","No",,,,,,"Publish","Open"
,,"163","B075023","Iris &#8211; Mod. 45","iris-45","http://localhost:8888/sidi/shop/fiore/iris-45/","Vaso: Iris

Modello: 45",,"11/08/2013","11/17/2013","Semplice","Catalog & Search","No","No","No",,,,,,"kg","45.5","cm","75","cm","93.5","cm","Collezione Fiore",,,,,,,,,"Yes","10","In Stock","No","No",,,,,,"Publish","Open"
,,"162","B075017","Iris &#8211; Mod. 36","iris","http://localhost:8888/sidi/shop/fiore/iris/","Vaso: Iris

Modello: 36",,"11/08/2013","11/17/2013","Semplice","Catalog & Search","No","No","No",,,,,,"kg","36.5","cm","60.5","cm","75","cm","Collezione Fiore",,,,,,,,,"Yes","12","In Stock","No","No",,,,,,"Publish","Open"
,,"161","B070035","Fiordaliso &#8211; Mod. 70","fiordaliso-70","http://localhost:8888/sidi/shop/fiore/fiordaliso-70/","Vaso: Fiordaliso

Modello: 70",,"11/08/2013","11/17/2013","Semplice","Catalog & Search","No","No","No",,,,,,"kg","73","cm","41","cm","57.5","cm","Collezione Fiore",,,,,,,,,"Yes","6","In Stock","No","No",,,,,,"Publish","Open"
,,"160","B070028","Fiordaliso &#8211; Mod. 55","fiordaliso-55","http://localhost:8888/sidi/shop/fiore/fiordaliso-55/","Vaso: Fiordaliso

Modello: 55",,"11/08/2013","11/17/2013","Semplice","Catalog & Search","No","No","No",,,,,,"kg","57","cm","32.5","cm","44","cm","Collezione Fiore",,,,,,,,,"Yes","16","In Stock","No","No",,,,,,"Publish","Open"
,,"158","B070020","Fiordaliso &#8211; Mod. 40","fiordaliso","http://localhost:8888/sidi/shop/fiore/fiordaliso/","Vaso: Fiordaliso

Modello: 40",,"11/08/2013","11/17/2013","Semplice","Catalog & Search","No","No","No",,,,,,"kg","40.7","cm","23","cm","31.5","cm","Collezione Fiore",,,,,,,,,"Yes","30","In Stock","No","No",,,,,,"Publish","Open"
,,"157","B055040","Giglio &#8211; Mod. 80","giglio-80","http://localhost:8888/sidi/shop/fiore/giglio-80/","Vaso: Giglio

Modello: 80",,"11/08/2013","11/17/2013","Semplice","Catalog & Search","No","No","No",,,,,,"kg","61","cm","26","cm","40","cm","Collezione Fiore",,,,,,,,,"Yes","36","In Stock","No","No",,,,,,"Publish","Open"
,,"156","B055030","Giglio &#8211; Mod. 60","giglio-60","http://localhost:8888/sidi/shop/fiore/giglio-60/","Vaso: Giglio

Modello: 60",,"11/08/2013","11/17/2013","Semplice","Catalog & Search","No","No","No",,,,,,"kg","61","cm","26","cm","40","cm","Collezione Fiore",,,,,,,,,"Yes","36","In Stock","No","No",,,,,,"Publish","Open"
,,"155","B055025","Giglio &#8211; Mod. 50","gliglio-50","http://localhost:8888/sidi/shop/fiore/gliglio-50/","Vaso: Giglio

Modello: 50",,"11/08/2013","11/17/2013","Semplice","Catalog & Search","No","No","No",,,,,,"kg","55","cm","21.5","cm","33.5","cm","Collezione Fiore",,,,,,,,,"Yes","42","In Stock","No","No",,,,,,"Publish","Open"
,,"154","B050034","Rosa &#8211; Mod. 70","rosa-70","http://localhost:8888/sidi/shop/fiore/rosa-70/","Vaso: Rosa

Modello: 70",,"11/08/2013","11/17/2013","Semplice","Catalog & Search","No","No","No",,,,,,"kg","68","cm","45.5","cm","56","cm","Collezione Fiore",,,,,,,,,"Yes","8","In Stock","No","No",,,,,,"Publish","Open"
,,"152","B050026","Rosa &#8211; Mod. 55","rosa-55","http://localhost:8888/sidi/shop/fiore/rosa-55/","Vaso: Rosa

Modello: 55",,"11/08/2013","11/17/2013","Semplice","Catalog & Search","No","No","No",,,,,,"kg","53","cm","35","cm","43.5","cm","Collezione Fiore",,,,,,,,,"Yes","20","In Stock","No","No",,,,,,"Publish","Open"
,,"151","B060047","Lilium &#8211; Mod. 95","lilium-95","http://localhost:8888/sidi/shop/fiore/lilium-95/","Vaso: Lilium

Modello: 95",,"11/08/2013","11/17/2013","Semplice","Catalog & Search","No","No","No",,,,,,"kg","95.5","cm","40","cm","62.5","cm","Collezione Fiore",,,,,,,,,"Yes","8","In Stock","No","No",,,,,,"Publish","Open"
,,"150","B060037","Lilium &#8211; Mod. 75","lilium-75","http://localhost:8888/sidi/shop/fiore/lilium-75/","Vaso: Lilium

Modello: 75",,"11/08/2013","11/17/2013","Semplice","Catalog & Search","No","No","No",,,,,,"kg","76","cm","30","cm","48","cm","Collezione Fiore",,,,,,,,,"Yes","20","In Stock","No","No",,,,,,"Publish","Open"
,,"149","B060028","Lilium &#8211; Mod. 55","lilium-55","http://localhost:8888/sidi/shop/fiore/lilium-55/","Vaso: Lilium

Modello: 55",,"11/08/2013","11/17/2013","Semplice","Catalog & Search","No","No","No",,,,,,"kg","55","cm","25","cm","38","cm","Collezione Fiore",,,,,,,,,"Yes","42","In Stock","No","No",,,,,,"Publish","Open"
,,"147","B110023","Gardenia &#8211; Mod. 50","gardenia-50","http://localhost:8888/sidi/shop/fiore/gardenia-50/","Vaso: Gardenia

Modello: 50",,"11/08/2013","11/17/2013","Semplice","Catalog & Search","No","No","No",,,,,,"kg","50","cm","28","cm","45","cm","Collezione Fiore",,,,,,,,,"Yes","72","In Stock","No","No",,,,,,"Publish","Open"
,,"146","B110015","Gardenia &#8211; Mod. 30","gardenia-30","http://localhost:8888/sidi/shop/fiore/gardenia-30/","Vaso: Gardenia

Modello: 30",,"11/08/2013","11/17/2013","Semplice","Catalog & Search","No","No","No",,,,,,"kg","31","cm","20","cm","30","cm","Collezione Fiore",,,,,,,,,"Yes","160","In Stock","No","No",,,,,,"Publish","Open"
,,"145","B105023","Mimosa &#8211; Mod. 50","mimosa-2","http://localhost:8888/sidi/shop/fiore/mimosa-2/","Altezza: 50 cm

Larghezza inferiore: 28 cm

Larghezza superiore: 45 cm",,"11/08/2013","12/04/2013","Semplice","Catalog & Search","No","No","No",,,,,,"kg","50","cm","28","cm","45","cm","Collezione Fiore",,,,,,,,,"Yes","72","In Stock","No","No",,,,,,"Publish","Open"
,,"142","B105015","Mimosa &#8211; Mod. 30","mimosa","http://localhost:8888/sidi/shop/fiore/mimosa/","Altezza: 30 cm

Larghezza inferiore: 20 cm

Larghezza superiore: 30 cm","Altezza: 30 cm

Larghezza inferiore: 20 cm

Larghezza superiore: 30 cm","11/08/2013","11/20/2013","Semplice","Catalog & Search","No","No","No","10",,,,,"kg","30","cm","20","cm","30","cm","Collezione Fiore",,,,,,,,,"Yes","128","In Stock","No","No",,,,,,"Publish","Open"